model,dataset,test_run,group_axis,confidence_source,confidence_threshold,uncertainty_reject_fraction,review_fraction,split,method,method_family,model_status,used_features,validation_fold_mean_auprc,validation_fold_se_auprc,candidate_n,deferred_n,universe_n,universe_error_count,universe_error_rate,error_detection_auroc,error_detection_auprc,reviewed_n,review_error_count,review_error_rate,review_lift,review_recall_of_residual_errors,combined_recall_of_candidate_errors,retained_accuracy_after_review,retained_accuracy_gain_vs_residual,total_action_n,total_action_fraction,selected_profile,selection_fallback,selection_reason,uncertainty_error_detection_auroc,delta_error_detection_auroc_vs_uncertainty,uncertainty_error_detection_auprc,delta_error_detection_auprc_vs_uncertainty,uncertainty_review_error_rate,delta_review_error_rate_vs_uncertainty,uncertainty_review_lift,delta_review_lift_vs_uncertainty,uncertainty_review_recall_of_residual_errors,delta_review_recall_of_residual_errors_vs_uncertainty,uncertainty_combined_recall_of_candidate_errors,delta_combined_recall_of_candidate_errors_vs_uncertainty,uncertainty_retained_accuracy_after_review,delta_retained_accuracy_after_review_vs_uncertainty,uncertainty_retained_accuracy_gain_vs_residual,delta_retained_accuracy_gain_vs_residual_vs_uncertainty
TAPB,bindingdb,seed_4,target,base,0.8,0.1,0.05,test,uncertainty,primary,complete,calibrated_error_risk,,,3,0,3,0.0,0.0,,,0,,,,,,,,0,0.0,uncertainty,True,no_finite_group_cv_candidate,,,,,,,,,,,,,,,,
TAPB,bindingdb,seed_4,target,base,0.8,0.1,0.1,test,uncertainty,primary,complete,calibrated_error_risk,,,3,0,3,0.0,0.0,,,0,,,,,,,,0,0.0,uncertainty,True,no_finite_group_cv_candidate,,,,,,,,,,,,,,,,
TAPB,bindingdb,seed_4,target,base,0.8,0.1,0.2,test,uncertainty,primary,complete,calibrated_error_risk,,,3,0,3,0.0,0.0,,,0,,,,,,,,0,0.0,uncertainty,True,no_finite_group_cv_candidate,,,,,,,,,,,,,,,,
TAPB,bindingdb,seed_4,target,base,0.8,0.1,0.3,test,uncertainty,primary,complete,calibrated_error_risk,,,3,0,3,0.0,0.0,,,0,,,,,,,,0,0.0,uncertainty,True,no_finite_group_cv_candidate,,,,,,,,,,,,,,,,
TAPB,bindingdb,seed_4,target,base,0.8,0.2,0.05,test,uncertainty,primary,complete,calibrated_error_risk,,,3,1,2,0.0,0.0,,,0,,,,,,,,1,0.333333333333,uncertainty,True,uncertainty_selected,,,,,,,,,,,,,,,,
TAPB,bindingdb,seed_4,target,base,0.8,0.2,0.1,test,uncertainty,primary,complete,calibrated_error_risk,,,3,1,2,0.0,0.0,,,0,,,,,,,,1,0.333333333333,uncertainty,True,uncertainty_selected,,,,,,,,,,,,,,,,
TAPB,bindingdb,seed_4,target,base,0.8,0.2,0.2,test,uncertainty,primary,complete,calibrated_error_risk,,,3,1,2,0.0,0.0,,,0,,,,,,,,1,0.333333333333,uncertainty,True,uncertainty_selected,,,,,,,,,,,,,,,,
TAPB,bindingdb,seed_4,target,base,0.8,0.2,0.3,test,uncertainty,primary,complete,calibrated_error_risk,,,3,1,2,0.0,0.0,,,0,,,,,,,,1,0.333333333333,uncertainty,True,uncertainty_selected,,,,,,,,,,,,,,,,
TAPB,bindingdb,seed_4,target,base,0.9,0.1,0.05,test,uncertainty,primary,complete,calibrated_error_risk,,,0,0,0,0.0,,,,0,,,,,,,,0,,uncertainty,True,no_finite_group_cv_candidate,,,,,,,,,,,,,,,,
TAPB,bindingdb,seed_4,target,base,0.9,0.1,0.1,test,uncertainty,primary,complete,calibrated_error_risk,,,0,0,0,0.0,,,,0,,,,,,,,0,,uncertainty,True,no_finite_group_cv_candidate,,,,,,,,,,,,,,,,
TAPB,bindingdb,seed_4,target,base,0.9,0.1,0.2,test,uncertainty,primary,complete,calibrated_error_risk,,,0,0,0,0.0,,,,0,,,,,,,,0,,uncertainty,True,no_finite_group_cv_candidate,,,,,,,,,,,,,,,,
TAPB,bindingdb,seed_4,target,base,0.9,0.1,0.3,test,uncertainty,primary,complete,calibrated_error_risk,,,0,0,0,0.0,,,,0,,,,,,,,0,,uncertainty,True,no_finite_group_cv_candidate,,,,,,,,,,,,,,,,
TAPB,bindingdb,seed_4,target,base,0.9,0.2,0.05,test,uncertainty,primary,complete,calibrated_error_risk,,,0,0,0,0.0,,,,0,,,,,,,,0,,uncertainty,True,no_finite_group_cv_candidate,,,,,,,,,,,,,,,,
TAPB,bindingdb,seed_4,target,base,0.9,0.2,0.1,test,uncertainty,primary,complete,calibrated_error_risk,,,0,0,0,0.0,,,,0,,,,,,,,0,,uncertainty,True,no_finite_group_cv_candidate,,,,,,,,,,,,,,,,
TAPB,bindingdb,seed_4,target,base,0.9,0.2,0.2,test,uncertainty,primary,complete,calibrated_error_risk,,,0,0,0,0.0,,,,0,,,,,,,,0,,uncertainty,True,no_finite_group_cv_candidate,,,,,,,,,,,,,,,,
TAPB,bindingdb,seed_4,target,base,0.9,0.2,0.3,test,uncertainty,primary,complete,calibrated_error_risk,,,0,0,0,0.0,,,,0,,,,,,,,0,,uncertainty,True,no_finite_group_cv_candidate,,,,,,,,,,,,,,,,
TAPB,bindingdb,seed_4,drug,base,0.8,0.1,0.05,test,uncertainty,primary,complete,calibrated_error_risk,,,3,0,3,0.0,0.0,,,0,,,,,,,,0,0.0,uncertainty,True,no_finite_group_cv_candidate,,,,,,,,,,,,,,,,
TAPB,bindingdb,seed_4,drug,base,0.8,0.1,0.1,test,uncertainty,primary,complete,calibrated_error_risk,,,3,0,3,0.0,0.0,,,0,,,,,,,,0,0.0,uncertainty,True,no_finite_group_cv_candidate,,,,,,,,,,,,,,,,
TAPB,bindingdb,seed_4,drug,base,0.8,0.1,0.2,test,uncertainty,primary,complete,calibrated_error_risk,,,3,0,3,0.0,0.0,,,0,,,,,,,,0,0.0,uncertainty,True,no_finite_group_cv_candidate,,,,,,,,,,,,,,,,
TAPB,bindingdb,seed_4,drug,base,0.8,0.1,0.3,test,uncertainty,primary,complete,calibrated_error_risk,,,3,0,3,0.0,0.0,,,0,,,,,,,,0,0.0,uncertainty,True,no_finite_group_cv_candidate,,,,,,,,,,,,,,,,
TAPB,bindingdb,seed_4,drug,base,0.8,0.2,0.05,test,uncertainty,primary,complete,calibrated_error_risk,,,3,1,2,0.0,0.0,,,0,,,,,,,,1,0.333333333333,uncertainty,True,no_finite_group_cv_candidate,,,,,,,,,,,,,,,,
TAPB,bindingdb,seed_4,drug,base,0.8,0.2,0.1,test,uncertainty,primary,complete,calibrated_error_risk,,,3,1,2,0.0,0.0,,,0,,,,,,,,1,0.333333333333,uncertainty,True,no_finite_group_cv_candidate,,,,,,,,,,,,,,,,
TAPB,bindingdb,seed_4,drug,base,0.8,0.2,0.2,test,uncertainty,primary,complete,calibrated_error_risk,,,3,1,2,0.0,0.0,,,0,,,,,,,,1,0.333333333333,uncertainty,True,no_finite_group_cv_candidate,,,,,,,,,,,,,,,,
TAPB,bindingdb,seed_4,drug,base,0.8,0.2,0.3,test,uncertainty,primary,complete,calibrated_error_risk,,,3,1,2,0.0,0.0,,,0,,,,,,,,1,0.333333333333,uncertainty,True,no_finite_group_cv_candidate,,,,,,,,,,,,,,,,
TAPB,bindingdb,seed_4,drug,base,0.9,0.1,0.05,test,uncertainty,primary,complete,calibrated_error_risk,,,0,0,0,0.0,,,,0,,,,,,,,0,,uncertainty,True,no_finite_group_cv_candidate,,,,,,,,,,,,,,,,
TAPB,bindingdb,seed_4,drug,base,0.9,0.1,0.1,test,uncertainty,primary,complete,calibrated_error_risk,,,0,0,0,0.0,,,,0,,,,,,,,0,,uncertainty,True,no_finite_group_cv_candidate,,,,,,,,,,,,,,,,
TAPB,bindingdb,seed_4,drug,base,0.9,0.1,0.2,test,uncertainty,primary,complete,calibrated_error_risk,,,0,0,0,0.0,,,,0,,,,,,,,0,,uncertainty,True,no_finite_group_cv_candidate,,,,,,,,,,,,,,,,
TAPB,bindingdb,seed_4,drug,base,0.9,0.1,0.3,test,uncertainty,primary,complete,calibrated_error_risk,,,0,0,0,0.0,,,,0,,,,,,,,0,,uncertainty,True,no_finite_group_cv_candidate,,,,,,,,,,,,,,,,
TAPB,bindingdb,seed_4,drug,base,0.9,0.2,0.05,test,uncertainty,primary,complete,calibrated_error_risk,,,0,0,0,0.0,,,,0,,,,,,,,0,,uncertainty,True,no_finite_group_cv_candidate,,,,,,,,,,,,,,,,
TAPB,bindingdb,seed_4,drug,base,0.9,0.2,0.1,test,uncertainty,primary,complete,calibrated_error_risk,,,0,0,0,0.0,,,,0,,,,,,,,0,,uncertainty,True,no_finite_group_cv_candidate,,,,,,,,,,,,,,,,
TAPB,bindingdb,seed_4,drug,base,0.9,0.2,0.2,test,uncertainty,primary,complete,calibrated_error_risk,,,0,0,0,0.0,,,,0,,,,,,,,0,,uncertainty,True,no_finite_group_cv_candidate,,,,,,,,,,,,,,,,
TAPB,bindingdb,seed_4,drug,base,0.9,0.2,0.3,test,uncertainty,primary,complete,calibrated_error_risk,,,0,0,0,0.0,,,,0,,,,,,,,0,,uncertainty,True,no_finite_group_cv_candidate,,,,,,,,,,,,,,,,
TAPB,bindingdb,seed_5,target,base,0.8,0.1,0.05,test,uncertainty,primary,complete,calibrated_error_risk,,,215,22,193,72.0,0.373056994819,0.605257116621,0.52411739317,10,7.0,0.7,1.876388888889,0.097222222222,0.1875,0.644808743169,0.017865737988,32,0.148837209302,uncertainty,True,uncertainty_selected,0.605257116621,0.0,0.52411739317,0.0,0.7,0.0,1.876388888889,0.0,0.097222222222,0.0,0.1875,0.0,0.644808743169,0.0,0.017865737988,0.0
TAPB,bindingdb,seed_5,target,base,0.8,0.1,0.1,test,uncertainty,primary,complete,calibrated_error_risk,,,215,22,193,72.0,0.373056994819,0.605257116621,0.52411739317,19,12.0,0.631578947368,1.69298245614,0.166666666667,0.25,0.655172413793,0.028229408612,41,0.190697674419,uncertainty,True,uncertainty_selected,0.605257116621,0.0,0.52411739317,0.0,0.631578947368,0.0,1.69298245614,0.0,0.166666666667,0.0,0.25,0.0,0.655172413793,0.0,0.028229408612,0.0
TAPB,bindingdb,seed_5,target,base,0.8,0.1,0.2,test,uncertainty,primary,complete,calibrated_error_risk,,,215,22,193,72.0,0.373056994819,0.605257116621,0.52411739317,39,22.0,0.564102564103,1.512108262108,0.305555555556,0.375,0.675324675325,0.048381670143,61,0.283720930233,uncertainty,True,uncertainty_selected,0.605257116621,0.0,0.52411739317,0.0,0.564102564103,0.0,1.512108262108,0.0,0.305555555556,0.0,0.375,0.0,0.675324675325,0.0,0.048381670143,0.0
TAPB,bindingdb,seed_5,target,base,0.8,0.1,0.3,test,uncertainty,primary,complete,calibrated_error_risk,,,215,22,193,72.0,0.373056994819,0.605257116621,0.52411739317,58,28.0,0.48275862069,1.294061302682,0.388888888889,0.45,0.674074074074,0.047131068893,80,0.372093023256,uncertainty,True,uncertainty_selected,0.605257116621,0.0,0.52411739317,0.0,0.48275862069,0.0,1.294061302682,0.0,0.388888888889,0.0,0.45,0.0,0.674074074074,0.0,0.047131068893,0.0
TAPB,bindingdb,seed_5,target,base,0.8,0.2,0.05,test,uncertainty,primary,complete,calibrated_error_risk,,,215,43,172,59.0,0.343023255814,0.560371981401,0.434300503064,9,5.0,0.555555555556,1.619585687382,0.084745762712,0.325,0.668711656442,0.011734912256,52,0.241860465116,uncertainty,True,uncertainty_selected,0.560371981401,0.0,0.434300503064,0.0,0.555555555556,0.0,1.619585687382,0.0,0.084745762712,0.0,0.325,0.0,0.668711656442,0.0,0.011734912256,0.0
TAPB,bindingdb,seed_5,target,base,0.8,0.2,0.1,test,uncertainty,primary,complete,calibrated_error_risk,,,215,43,172,59.0,0.343023255814,0.560371981401,0.434300503064,17,9.0,0.529411764706,1.543369890329,0.152542372881,0.375,0.677419354839,0.020442610653,60,0.279069767442,uncertainty,True,uncertainty_selected,0.560371981401,0.0,0.434300503064,0.0,0.529411764706,0.0,1.543369890329,0.0,0.152542372881,0.0,0.375,0.0,0.677419354839,0.0,0.020442610653,0.0
TAPB,bindingdb,seed_5,target,base,0.8,0.2,0.2,test,uncertainty,primary,complete,calibrated_error_risk,,,215,43,172,59.0,0.343023255814,0.560371981401,0.434300503064,34,13.0,0.382352941176,1.114656031904,0.220338983051,0.425,0.666666666667,0.009689922481,77,0.358139534884,uncertainty,True,uncertainty_selected,0.560371981401,0.0,0.434300503064,0.0,0.382352941176,0.0,1.114656031904,0.0,0.220338983051,0.0,0.425,0.0,0.666666666667,0.0,0.009689922481,0.0
TAPB,bindingdb,seed_5,target,base,0.8,0.2,0.3,test,uncertainty,primary,complete,calibrated_error_risk,,,215,43,172,59.0,0.343023255814,0.560371981401,0.434300503064,52,19.0,0.365384615385,1.06518904824,0.322033898305,0.5,0.666666666667,0.009689922481,95,0.441860465116,uncertainty,True,uncertainty_selected,0.560371981401,0.0,0.434300503064,0.0,0.365384615385,0.0,1.06518904824,0.0,0.322033898305,0.0,0.5,0.0,0.666666666667,0.0,0.009689922481,0.0
TAPB,bindingdb,seed_5,target,base,0.9,0.1,0.05,test,uncertainty_support,primary,complete,calibrated_error_risk|log_drug_fit_count|log_target_fit_count|fit_entity_support_min|fit_entity_support_imbalance|fit_joint_novelty|fit_one_sided_novelty|drug_morgan_nearest_train_distance|drug_morgan_knn_distance|target_esm_nearest_train_distance|target_esm_knn_distance|native_domain_shift_score|native_domain_density_distance|native_support_imbalance|native_density_imbalance,,,139,14,125,40.0,0.32,0.745882352941,0.577203361503,6,4.0,0.666666666667,2.083333333333,0.1,0.217391304348,0.697478991597,0.017478991597,20,0.143884892086,uncertainty_support,False,one_standard_error,0.533823529412,0.212058823529,0.333479126285,0.243724235218,0.166666666667,0.5,0.520833333333,1.5625,0.025,0.075,0.152173913043,0.065217391304,0.672268907563,0.025210084034,-0.007731092437,0.025210084034
TAPB,bindingdb,seed_5,target,base,0.9,0.1,0.1,test,uncertainty_support,primary,complete,calibrated_error_risk|log_drug_fit_count|log_target_fit_count|fit_entity_support_min|fit_entity_support_imbalance|fit_joint_novelty|fit_one_sided_novelty|drug_morgan_nearest_train_distance|drug_morgan_knn_distance|target_esm_nearest_train_distance|target_esm_knn_distance|native_domain_shift_score|native_domain_density_distance|native_support_imbalance|native_density_imbalance,,,139,14,125,40.0,0.32,0.745882352941,0.577203361503,12,9.0,0.75,2.34375,0.225,0.326086956522,0.725663716814,0.045663716814,26,0.187050359712,uncertainty_support,False,one_standard_error,0.533823529412,0.212058823529,0.333479126285,0.243724235218,0.25,0.5,0.78125,1.5625,0.075,0.15,0.195652173913,0.130434782609,0.672566371681,0.053097345133,-0.007433628319,0.053097345133
TAPB,bindingdb,seed_5,target,base,0.9,0.1,0.2,test,uncertainty_support,primary,complete,calibrated_error_risk|log_drug_fit_count|log_target_fit_count|fit_entity_support_min|fit_entity_support_imbalance|fit_joint_novelty|fit_one_sided_novelty|drug_morgan_nearest_train_distance|drug_morgan_knn_distance|target_esm_nearest_train_distance|target_esm_knn_distance|native_domain_shift_score|native_domain_density_distance|native_support_imbalance|native_density_imbalance,,,139,14,125,40.0,0.32,0.745882352941,0.577203361503,25,17.0,0.68,2.125,0.425,0.5,0.77,0.09,39,0.280575539568,uncertainty_support,False,one_standard_error,0.533823529412,0.212058823529,0.333479126285,0.243724235218,0.32,0.36,1.0,1.125,0.2,0.225,0.304347826087,0.195652173913,0.68,0.09,0.0,0.09
TAPB,bindingdb,seed_5,target,base,0.9,0.1,0.3,test,uncertainty_support,primary,complete,calibrated_error_risk|log_drug_fit_count|log_target_fit_count|fit_entity_support_min|fit_entity_support_imbalance|fit_joint_novelty|fit_one_sided_novelty|drug_morgan_nearest_train_distance|drug_morgan_knn_distance|target_esm_nearest_train_distance|target_esm_knn_distance|native_domain_shift_score|native_domain_density_distance|native_support_imbalance|native_density_imbalance,,,139,14,125,40.0,0.32,0.745882352941,0.577203361503,38,21.0,0.552631578947,1.726973684211,0.525,0.586956521739,0.781609195402,0.101609195402,52,0.374100719424,uncertainty_support,False,one_standard_error,0.533823529412,0.212058823529,0.333479126285,0.243724235218,0.315789473684,0.236842105263,0.986842105263,0.740131578947,0.3,0.225,0.391304347826,0.195652173913,0.67816091954,0.103448275862,-0.00183908046,0.103448275862
TAPB,bindingdb,seed_5,target,base,0.9,0.2,0.05,test,uncertainty,primary,complete,calibrated_error_risk,,,139,28,111,36.0,0.324324324324,0.556666666667,0.392096506079,6,3.0,0.5,1.541666666667,0.083333333333,0.282608695652,0.685714285714,0.010038610039,34,0.244604316547,uncertainty,True,uncertainty_selected,0.556666666667,0.0,0.392096506079,0.0,0.5,0.0,1.541666666667,0.0,0.083333333333,0.0,0.282608695652,0.0,0.685714285714,0.0,0.010038610039,0.0
TAPB,bindingdb,seed_5,target,base,0.9,0.2,0.1,test,uncertainty,primary,complete,calibrated_error_risk,,,139,28,111,36.0,0.324324324324,0.556666666667,0.392096506079,11,4.0,0.363636363636,1.121212121212,0.111111111111,0.304347826087,0.68,0.004324324324,39,0.280575539568,uncertainty,True,uncertainty_selected,0.556666666667,0.0,0.392096506079,0.0,0.363636363636,0.0,1.121212121212,0.0,0.111111111111,0.0,0.304347826087,0.0,0.68,0.0,0.004324324324,0.0
TAPB,bindingdb,seed_5,target,base,0.9,0.2,0.2,test,uncertainty,primary,complete,calibrated_error_risk,,,139,28,111,36.0,0.324324324324,0.556666666667,0.392096506079,22,8.0,0.363636363636,1.121212121212,0.222222222222,0.391304347826,0.685393258427,0.009717582751,50,0.359712230216,uncertainty,True,uncertainty_selected,0.556666666667,0.0,0.392096506079,0.0,0.363636363636,0.0,1.121212121212,0.0,0.222222222222,0.0,0.391304347826,0.0,0.685393258427,0.0,0.009717582751,0.0
TAPB,bindingdb,seed_5,target,base,0.9,0.2,0.3,test,uncertainty,primary,complete,calibrated_error_risk,,,139,28,111,36.0,0.324324324324,0.556666666667,0.392096506079,33,11.0,0.333333333333,1.027777777778,0.305555555556,0.45652173913,0.679487179487,0.003811503812,61,0.438848920863,uncertainty,True,uncertainty_selected,0.556666666667,0.0,0.392096506079,0.0,0.333333333333,0.0,1.027777777778,0.0,0.305555555556,0.0,0.45652173913,0.0,0.679487179487,0.0,0.003811503812,0.0
TAPB,bindingdb,seed_5,drug,base,0.8,0.1,0.05,test,uncertainty_support,primary,complete,calibrated_error_risk|log_drug_fit_count|log_target_fit_count|fit_entity_support_min|fit_entity_support_imbalance|fit_joint_novelty|fit_one_sided_novelty|drug_morgan_nearest_train_distance|drug_morgan_knn_distance|target_esm_nearest_train_distance|target_esm_knn_distance|native_domain_shift_score|native_domain_density_distance|native_support_imbalance|native_density_imbalance,,,215,22,193,72.0,0.373056994819,0.676423324151,0.520672173389,10,5.0,0.5,1.340277777778,0.069444444444,0.1625,0.633879781421,0.006936776239,32,0.148837209302,uncertainty_support,False,one_standard_error,0.605257116621,0.07116620753,0.52411739317,-0.003445219781,0.7,-0.2,1.876388888889,-0.536111111111,0.097222222222,-0.027777777778,0.1875,-0.025,0.644808743169,-0.010928961749,0.017865737988,-0.010928961749
TAPB,bindingdb,seed_5,drug,base,0.8,0.1,0.1,test,uncertainty_support,primary,complete,calibrated_error_risk|log_drug_fit_count|log_target_fit_count|fit_entity_support_min|fit_entity_support_imbalance|fit_joint_novelty|fit_one_sided_novelty|drug_morgan_nearest_train_distance|drug_morgan_knn_distance|target_esm_nearest_train_distance|target_esm_knn_distance|native_domain_shift_score|native_domain_density_distance|native_support_imbalance|native_density_imbalance,,,215,22,193,72.0,0.373056994819,0.676423324151,0.520672173389,19,12.0,0.631578947368,1.69298245614,0.166666666667,0.25,0.655172413793,0.028229408612,41,0.190697674419,uncertainty_support,False,one_standard_error,0.605257116621,0.07116620753,0.52411739317,-0.003445219781,0.631578947368,0.0,1.69298245614,0.0,0.166666666667,0.0,0.25,0.0,0.655172413793,0.0,0.028229408612,0.0
TAPB,bindingdb,seed_5,drug,base,0.8,0.1,0.2,test,uncertainty_support,primary,complete,calibrated_error_risk|log_drug_fit_count|log_target_fit_count|fit_entity_support_min|fit_entity_support_imbalance|fit_joint_novelty|fit_one_sided_novelty|drug_morgan_nearest_train_distance|drug_morgan_knn_distance|target_esm_nearest_train_distance|target_esm_knn_distance|native_domain_shift_score|native_domain_density_distance|native_support_imbalance|native_density_imbalance,,,215,22,193,72.0,0.373056994819,0.676423324151,0.520672173389,39,25.0,0.641025641026,1.718304843305,0.347222222222,0.4125,0.694805194805,0.067862189624,61,0.283720930233,uncertainty_support,False,one_standard_error,0.605257116621,0.07116620753,0.52411739317,-0.003445219781,0.564102564103,0.076923076923,1.512108262108,0.206196581197,0.305555555556,0.041666666667,0.375,0.0375,0.675324675325,0.019480519481,0.048381670143,0.019480519481
TAPB,bindingdb,seed_5,drug,base,0.8,0.1,0.3,test,uncertainty_support,primary,complete,calibrated_error_risk|log_drug_fit_count|log_target_fit_count|fit_entity_support_min|fit_entity_support_imbalance|fit_joint_novelty|fit_one_sided_novelty|drug_morgan_nearest_train_distance|drug_morgan_knn_distance|target_esm_nearest_train_distance|target_esm_knn_distance|native_domain_shift_score|native_domain_density_distance|native_support_imbalance|native_density_imbalance,,,215,22,193,72.0,0.373056994819,0.676423324151,0.520672173389,58,32.0,0.551724137931,1.478927203065,0.444444444444,0.5,0.703703703704,0.076760698522,80,0.372093023256,uncertainty_support,False,one_standard_error,0.605257116621,0.07116620753,0.52411739317,-0.003445219781,0.48275862069,0.068965517241,1.294061302682,0.184865900383,0.388888888889,0.055555555556,0.45,0.05,0.674074074074,0.02962962963,0.047131068893,0.02962962963
TAPB,bindingdb,seed_5,drug,base,0.8,0.2,0.05,test,uncertainty_support,primary,complete,calibrated_error_risk|log_drug_fit_count|log_target_fit_count|fit_entity_support_min|fit_entity_support_imbalance|fit_joint_novelty|fit_one_sided_novelty|drug_morgan_nearest_train_distance|drug_morgan_knn_distance|target_esm_nearest_train_distance|target_esm_knn_distance|native_domain_shift_score|native_domain_density_distance|native_support_imbalance|native_density_imbalance,,,215,43,172,59.0,0.343023255814,0.654267286636,0.485292537676,9,6.0,0.666666666667,1.943502824859,0.101694915254,0.3375,0.674846625767,0.017869881581,52,0.241860465116,uncertainty_support,False,one_standard_error,0.560371981401,0.093895305235,0.434300503064,0.050992034612,0.555555555556,0.111111111111,1.619585687382,0.323917137476,0.084745762712,0.016949152542,0.325,0.0125,0.668711656442,0.006134969325,0.011734912256,0.006134969325
TAPB,bindingdb,seed_5,drug,base,0.8,0.2,0.1,test,uncertainty_support,primary,complete,calibrated_error_risk|log_drug_fit_count|log_target_fit_count|fit_entity_support_min|fit_entity_support_imbalance|fit_joint_novelty|fit_one_sided_novelty|drug_morgan_nearest_train_distance|drug_morgan_knn_distance|target_esm_nearest_train_distance|target_esm_knn_distance|native_domain_shift_score|native_domain_density_distance|native_support_imbalance|native_density_imbalance,,,215,43,172,59.0,0.343023255814,0.654267286636,0.485292537676,17,11.0,0.647058823529,1.886340977069,0.186440677966,0.4,0.690322580645,0.033345836459,60,0.279069767442,uncertainty_support,False,one_standard_error,0.560371981401,0.093895305235,0.434300503064,0.050992034612,0.529411764706,0.117647058824,1.543369890329,0.34297108674,0.152542372881,0.033898305085,0.375,0.025,0.677419354839,0.012903225806,0.020442610653,0.012903225806
TAPB,bindingdb,seed_5,drug,base,0.8,0.2,0.2,test,uncertainty_support,primary,complete,calibrated_error_risk|log_drug_fit_count|log_target_fit_count|fit_entity_support_min|fit_entity_support_imbalance|fit_joint_novelty|fit_one_sided_novelty|drug_morgan_nearest_train_distance|drug_morgan_knn_distance|target_esm_nearest_train_distance|target_esm_knn_distance|native_domain_shift_score|native_domain_density_distance|native_support_imbalance|native_density_imbalance,,,215,43,172,59.0,0.343023255814,0.654267286636,0.485292537676,34,19.0,0.558823529412,1.629112662014,0.322033898305,0.5,0.710144927536,0.05316818335,77,0.358139534884,uncertainty_support,False,one_standard_error,0.560371981401,0.093895305235,0.434300503064,0.050992034612,0.382352941176,0.176470588235,1.114656031904,0.51445663011,0.220338983051,0.101694915254,0.425,0.075,0.666666666667,0.04347826087,0.009689922481,0.04347826087
TAPB,bindingdb,seed_5,drug,base,0.8,0.2,0.3,test,uncertainty_support,primary,complete,calibrated_error_risk|log_drug_fit_count|log_target_fit_count|fit_entity_support_min|fit_entity_support_imbalance|fit_joint_novelty|fit_one_sided_novelty|drug_morgan_nearest_train_distance|drug_morgan_knn_distance|target_esm_nearest_train_distance|target_esm_knn_distance|native_domain_shift_score|native_domain_density_distance|native_support_imbalance|native_density_imbalance,,,215,43,172,59.0,0.343023255814,0.654267286636,0.485292537676,52,26.0,0.5,1.457627118644,0.440677966102,0.5875,0.725,0.068023255814,95,0.441860465116,uncertainty_support,False,one_standard_error,0.560371981401,0.093895305235,0.434300503064,0.050992034612,0.365384615385,0.134615384615,1.06518904824,0.392438070404,0.322033898305,0.118644067797,0.5,0.0875,0.666666666667,0.058333333333,0.009689922481,0.058333333333
TAPB,bindingdb,seed_5,drug,base,0.9,0.1,0.05,test,uncertainty_support,primary,complete,calibrated_error_risk|log_drug_fit_count|log_target_fit_count|fit_entity_support_min|fit_entity_support_imbalance|fit_joint_novelty|fit_one_sided_novelty|drug_morgan_nearest_train_distance|drug_morgan_knn_distance|target_esm_nearest_train_distance|target_esm_knn_distance|native_domain_shift_score|native_domain_density_distance|native_support_imbalance|native_density_imbalance,,,139,14,125,40.0,0.32,0.723529411765,0.563000875397,6,4.0,0.666666666667,2.083333333333,0.1,0.217391304348,0.697478991597,0.017478991597,20,0.143884892086,uncertainty_support,False,one_standard_error,0.533823529412,0.189705882353,0.333479126285,0.229521749113,0.166666666667,0.5,0.520833333333,1.5625,0.025,0.075,0.152173913043,0.065217391304,0.672268907563,0.025210084034,-0.007731092437,0.025210084034
TAPB,bindingdb,seed_5,drug,base,0.9,0.1,0.1,test,uncertainty_support,primary,complete,calibrated_error_risk|log_drug_fit_count|log_target_fit_count|fit_entity_support_min|fit_entity_support_imbalance|fit_joint_novelty|fit_one_sided_novelty|drug_morgan_nearest_train_distance|drug_morgan_knn_distance|target_esm_nearest_train_distance|target_esm_knn_distance|native_domain_shift_score|native_domain_density_distance|native_support_imbalance|native_density_imbalance,,,139,14,125,40.0,0.32,0.723529411765,0.563000875397,12,9.0,0.75,2.34375,0.225,0.326086956522,0.725663716814,0.045663716814,26,0.187050359712,uncertainty_support,False,one_standard_error,0.533823529412,0.189705882353,0.333479126285,0.229521749113,0.25,0.5,0.78125,1.5625,0.075,0.15,0.195652173913,0.130434782609,0.672566371681,0.053097345133,-0.007433628319,0.053097345133
TAPB,bindingdb,seed_5,drug,base,0.9,0.1,0.2,test,uncertainty_support,primary,complete,calibrated_error_risk|log_drug_fit_count|log_target_fit_count|fit_entity_support_min|fit_entity_support_imbalance|fit_joint_novelty|fit_one_sided_novelty|drug_morgan_nearest_train_distance|drug_morgan_knn_distance|target_esm_nearest_train_distance|target_esm_knn_distance|native_domain_shift_score|native_domain_density_distance|native_support_imbalance|native_density_imbalance,,,139,14,125,40.0,0.32,0.723529411765,0.563000875397,25,17.0,0.68,2.125,0.425,0.5,0.77,0.09,39,0.280575539568,uncertainty_support,False,one_standard_error,0.533823529412,0.189705882353,0.333479126285,0.229521749113,0.32,0.36,1.0,1.125,0.2,0.225,0.304347826087,0.195652173913,0.68,0.09,0.0,0.09
TAPB,bindingdb,seed_5,drug,base,0.9,0.1,0.3,test,uncertainty_support,primary,complete,calibrated_error_risk|log_drug_fit_count|log_target_fit_count|fit_entity_support_min|fit_entity_support_imbalance|fit_joint_novelty|fit_one_sided_novelty|drug_morgan_nearest_train_distance|drug_morgan_knn_distance|target_esm_nearest_train_distance|target_esm_knn_distance|native_domain_shift_score|native_domain_density_distance|native_support_imbalance|native_density_imbalance,,,139,14,125,40.0,0.32,0.723529411765,0.563000875397,38,18.0,0.473684210526,1.480263157895,0.45,0.521739130435,0.747126436782,0.067126436782,52,0.374100719424,uncertainty_support,False,one_standard_error,0.533823529412,0.189705882353,0.333479126285,0.229521749113,0.315789473684,0.157894736842,0.986842105263,0.493421052632,0.3,0.15,0.391304347826,0.130434782609,0.67816091954,0.068965517241,-0.00183908046,0.068965517241
TAPB,bindingdb,seed_5,drug,base,0.9,0.2,0.05,test,uncertainty_support,primary,complete,calibrated_error_risk|log_drug_fit_count|log_target_fit_count|fit_entity_support_min|fit_entity_support_imbalance|fit_joint_novelty|fit_one_sided_novelty|drug_morgan_nearest_train_distance|drug_morgan_knn_distance|target_esm_nearest_train_distance|target_esm_knn_distance|native_domain_shift_score|native_domain_density_distance|native_support_imbalance|native_density_imbalance,,,139,28,111,36.0,0.324324324324,0.737037037037,0.617152803208,6,5.0,0.833333333333,2.569444444444,0.138888888889,0.326086956522,0.704761904762,0.029086229086,34,0.244604316547,uncertainty_support,False,one_standard_error,0.556666666667,0.18037037037,0.392096506079,0.225056297129,0.5,0.333333333333,1.541666666667,1.027777777778,0.083333333333,0.055555555556,0.282608695652,0.04347826087,0.685714285714,0.019047619048,0.010038610039,0.019047619048
TAPB,bindingdb,seed_5,drug,base,0.9,0.2,0.1,test,uncertainty_support,primary,complete,calibrated_error_risk|log_drug_fit_count|log_target_fit_count|fit_entity_support_min|fit_entity_support_imbalance|fit_joint_novelty|fit_one_sided_novelty|drug_morgan_nearest_train_distance|drug_morgan_knn_distance|target_esm_nearest_train_distance|target_esm_knn_distance|native_domain_shift_score|native_domain_density_distance|native_support_imbalance|native_density_imbalance,,,139,28,111,36.0,0.324324324324,0.737037037037,0.617152803208,11,9.0,0.818181818182,2.522727272727,0.25,0.413043478261,0.73,0.054324324324,39,0.280575539568,uncertainty_support,False,one_standard_error,0.556666666667,0.18037037037,0.392096506079,0.225056297129,0.363636363636,0.454545454545,1.121212121212,1.401515151515,0.111111111111,0.138888888889,0.304347826087,0.108695652174,0.68,0.05,0.004324324324,0.05
TAPB,bindingdb,seed_5,drug,base,0.9,0.2,0.2,test,uncertainty_support,primary,complete,calibrated_error_risk|log_drug_fit_count|log_target_fit_count|fit_entity_support_min|fit_entity_support_imbalance|fit_joint_novelty|fit_one_sided_novelty|drug_morgan_nearest_train_distance|drug_morgan_knn_distance|target_esm_nearest_train_distance|target_esm_knn_distance|native_domain_shift_score|native_domain_density_distance|native_support_imbalance|native_density_imbalance,,,139,28,111,36.0,0.324324324324,0.737037037037,0.617152803208,22,14.0,0.636363636364,1.962121212121,0.388888888889,0.521739130435,0.752808988764,0.077133313088,50,0.359712230216,uncertainty_support,False,one_standard_error,0.556666666667,0.18037037037,0.392096506079,0.225056297129,0.363636363636,0.272727272727,1.121212121212,0.840909090909,0.222222222222,0.166666666667,0.391304347826,0.130434782609,0.685393258427,0.067415730337,0.009717582751,0.067415730337
TAPB,bindingdb,seed_5,drug,base,0.9,0.2,0.3,test,uncertainty_support,primary,complete,calibrated_error_risk|log_drug_fit_count|log_target_fit_count|fit_entity_support_min|fit_entity_support_imbalance|fit_joint_novelty|fit_one_sided_novelty|drug_morgan_nearest_train_distance|drug_morgan_knn_distance|target_esm_nearest_train_distance|target_esm_knn_distance|native_domain_shift_score|native_domain_density_distance|native_support_imbalance|native_density_imbalance,,,139,28,111,36.0,0.324324324324,0.737037037037,0.617152803208,33,18.0,0.545454545455,1.681818181818,0.5,0.608695652174,0.769230769231,0.093555093555,61,0.438848920863,uncertainty_support,False,one_standard_error,0.556666666667,0.18037037037,0.392096506079,0.225056297129,0.333333333333,0.212121212121,1.027777777778,0.65404040404,0.305555555556,0.194444444444,0.45652173913,0.152173913043,0.679487179487,0.089743589744,0.003811503812,0.089743589744
TAPB,bindingdb,seed_6,target,base,0.8,0.1,0.05,test,uncertainty,primary,complete,calibrated_error_risk,,,0,0,0,0.0,,,,0,,,,,,,,0,,uncertainty,True,no_finite_group_cv_candidate,,,,,,,,,,,,,,,,
TAPB,bindingdb,seed_6,target,base,0.8,0.1,0.1,test,uncertainty,primary,complete,calibrated_error_risk,,,0,0,0,0.0,,,,0,,,,,,,,0,,uncertainty,True,no_finite_group_cv_candidate,,,,,,,,,,,,,,,,
TAPB,bindingdb,seed_6,target,base,0.8,0.1,0.2,test,uncertainty,primary,complete,calibrated_error_risk,,,0,0,0,0.0,,,,0,,,,,,,,0,,uncertainty,True,no_finite_group_cv_candidate,,,,,,,,,,,,,,,,
TAPB,bindingdb,seed_6,target,base,0.8,0.1,0.3,test,uncertainty,primary,complete,calibrated_error_risk,,,0,0,0,0.0,,,,0,,,,,,,,0,,uncertainty,True,no_finite_group_cv_candidate,,,,,,,,,,,,,,,,
TAPB,bindingdb,seed_6,target,base,0.8,0.2,0.05,test,uncertainty,primary,complete,calibrated_error_risk,,,0,0,0,0.0,,,,0,,,,,,,,0,,uncertainty,True,no_finite_group_cv_candidate,,,,,,,,,,,,,,,,
TAPB,bindingdb,seed_6,target,base,0.8,0.2,0.1,test,uncertainty,primary,complete,calibrated_error_risk,,,0,0,0,0.0,,,,0,,,,,,,,0,,uncertainty,True,no_finite_group_cv_candidate,,,,,,,,,,,,,,,,
TAPB,bindingdb,seed_6,target,base,0.8,0.2,0.2,test,uncertainty,primary,complete,calibrated_error_risk,,,0,0,0,0.0,,,,0,,,,,,,,0,,uncertainty,True,no_finite_group_cv_candidate,,,,,,,,,,,,,,,,
TAPB,bindingdb,seed_6,target,base,0.8,0.2,0.3,test,uncertainty,primary,complete,calibrated_error_risk,,,0,0,0,0.0,,,,0,,,,,,,,0,,uncertainty,True,no_finite_group_cv_candidate,,,,,,,,,,,,,,,,
TAPB,bindingdb,seed_6,target,base,0.9,0.1,0.05,test,uncertainty,primary,complete,calibrated_error_risk,,,0,0,0,0.0,,,,0,,,,,,,,0,,uncertainty,True,no_finite_group_cv_candidate,,,,,,,,,,,,,,,,
TAPB,bindingdb,seed_6,target,base,0.9,0.1,0.1,test,uncertainty,primary,complete,calibrated_error_risk,,,0,0,0,0.0,,,,0,,,,,,,,0,,uncertainty,True,no_finite_group_cv_candidate,,,,,,,,,,,,,,,,
TAPB,bindingdb,seed_6,target,base,0.9,0.1,0.2,test,uncertainty,primary,complete,calibrated_error_risk,,,0,0,0,0.0,,,,0,,,,,,,,0,,uncertainty,True,no_finite_group_cv_candidate,,,,,,,,,,,,,,,,
TAPB,bindingdb,seed_6,target,base,0.9,0.1,0.3,test,uncertainty,primary,complete,calibrated_error_risk,,,0,0,0,0.0,,,,0,,,,,,,,0,,uncertainty,True,no_finite_group_cv_candidate,,,,,,,,,,,,,,,,
TAPB,bindingdb,seed_6,target,base,0.9,0.2,0.05,test,uncertainty,primary,complete,calibrated_error_risk,,,0,0,0,0.0,,,,0,,,,,,,,0,,uncertainty,True,no_finite_group_cv_candidate,,,,,,,,,,,,,,,,
TAPB,bindingdb,seed_6,target,base,0.9,0.2,0.1,test,uncertainty,primary,complete,calibrated_error_risk,,,0,0,0,0.0,,,,0,,,,,,,,0,,uncertainty,True,no_finite_group_cv_candidate,,,,,,,,,,,,,,,,
TAPB,bindingdb,seed_6,target,base,0.9,0.2,0.2,test,uncertainty,primary,complete,calibrated_error_risk,,,0,0,0,0.0,,,,0,,,,,,,,0,,uncertainty,True,no_finite_group_cv_candidate,,,,,,,,,,,,,,,,
TAPB,bindingdb,seed_6,target,base,0.9,0.2,0.3,test,uncertainty,primary,complete,calibrated_error_risk,,,0,0,0,0.0,,,,0,,,,,,,,0,,uncertainty,True,no_finite_group_cv_candidate,,,,,,,,,,,,,,,,
TAPB,bindingdb,seed_6,drug,base,0.8,0.1,0.05,test,uncertainty,primary,complete,calibrated_error_risk,,,0,0,0,0.0,,,,0,,,,,,,,0,,uncertainty,True,no_finite_group_cv_candidate,,,,,,,,,,,,,,,,
TAPB,bindingdb,seed_6,drug,base,0.8,0.1,0.1,test,uncertainty,primary,complete,calibrated_error_risk,,,0,0,0,0.0,,,,0,,,,,,,,0,,uncertainty,True,no_finite_group_cv_candidate,,,,,,,,,,,,,,,,
TAPB,bindingdb,seed_6,drug,base,0.8,0.1,0.2,test,uncertainty,primary,complete,calibrated_error_risk,,,0,0,0,0.0,,,,0,,,,,,,,0,,uncertainty,True,no_finite_group_cv_candidate,,,,,,,,,,,,,,,,
TAPB,bindingdb,seed_6,drug,base,0.8,0.1,0.3,test,uncertainty,primary,complete,calibrated_error_risk,,,0,0,0,0.0,,,,0,,,,,,,,0,,uncertainty,True,no_finite_group_cv_candidate,,,,,,,,,,,,,,,,
TAPB,bindingdb,seed_6,drug,base,0.8,0.2,0.05,test,uncertainty,primary,complete,calibrated_error_risk,,,0,0,0,0.0,,,,0,,,,,,,,0,,uncertainty,True,no_finite_group_cv_candidate,,,,,,,,,,,,,,,,
TAPB,bindingdb,seed_6,drug,base,0.8,0.2,0.1,test,uncertainty,primary,complete,calibrated_error_risk,,,0,0,0,0.0,,,,0,,,,,,,,0,,uncertainty,True,no_finite_group_cv_candidate,,,,,,,,,,,,,,,,
TAPB,bindingdb,seed_6,drug,base,0.8,0.2,0.2,test,uncertainty,primary,complete,calibrated_error_risk,,,0,0,0,0.0,,,,0,,,,,,,,0,,uncertainty,True,no_finite_group_cv_candidate,,,,,,,,,,,,,,,,
TAPB,bindingdb,seed_6,drug,base,0.8,0.2,0.3,test,uncertainty,primary,complete,calibrated_error_risk,,,0,0,0,0.0,,,,0,,,,,,,,0,,uncertainty,True,no_finite_group_cv_candidate,,,,,,,,,,,,,,,,
TAPB,bindingdb,seed_6,drug,base,0.9,0.1,0.05,test,uncertainty,primary,complete,calibrated_error_risk,,,0,0,0,0.0,,,,0,,,,,,,,0,,uncertainty,True,no_finite_group_cv_candidate,,,,,,,,,,,,,,,,
TAPB,bindingdb,seed_6,drug,base,0.9,0.1,0.1,test,uncertainty,primary,complete,calibrated_error_risk,,,0,0,0,0.0,,,,0,,,,,,,,0,,uncertainty,True,no_finite_group_cv_candidate,,,,,,,,,,,,,,,,
TAPB,bindingdb,seed_6,drug,base,0.9,0.1,0.2,test,uncertainty,primary,complete,calibrated_error_risk,,,0,0,0,0.0,,,,0,,,,,,,,0,,uncertainty,True,no_finite_group_cv_candidate,,,,,,,,,,,,,,,,
TAPB,bindingdb,seed_6,drug,base,0.9,0.1,0.3,test,uncertainty,primary,complete,calibrated_error_risk,,,0,0,0,0.0,,,,0,,,,,,,,0,,uncertainty,True,no_finite_group_cv_candidate,,,,,,,,,,,,,,,,
TAPB,bindingdb,seed_6,drug,base,0.9,0.2,0.05,test,uncertainty,primary,complete,calibrated_error_risk,,,0,0,0,0.0,,,,0,,,,,,,,0,,uncertainty,True,no_finite_group_cv_candidate,,,,,,,,,,,,,,,,
TAPB,bindingdb,seed_6,drug,base,0.9,0.2,0.1,test,uncertainty,primary,complete,calibrated_error_risk,,,0,0,0,0.0,,,,0,,,,,,,,0,,uncertainty,True,no_finite_group_cv_candidate,,,,,,,,,,,,,,,,
TAPB,bindingdb,seed_6,drug,base,0.9,0.2,0.2,test,uncertainty,primary,complete,calibrated_error_risk,,,0,0,0,0.0,,,,0,,,,,,,,0,,uncertainty,True,no_finite_group_cv_candidate,,,,,,,,,,,,,,,,
TAPB,bindingdb,seed_6,drug,base,0.9,0.2,0.3,test,uncertainty,primary,complete,calibrated_error_risk,,,0,0,0,0.0,,,,0,,,,,,,,0,,uncertainty,True,no_finite_group_cv_candidate,,,,,,,,,,,,,,,,
TAPB,bindingdb,seed_7,target,base,0.8,0.1,0.05,test,uncertainty_prior_support,primary,complete,calibrated_error_risk|prior_contradiction_logit|prior_negative_evidence|prior_contradiction_probability|prior_support_probability|log_drug_fit_count|log_target_fit_count|fit_entity_support_min|fit_entity_support_imbalance|fit_joint_novelty|fit_one_sided_novelty|drug_morgan_nearest_train_distance|drug_morgan_knn_distance|target_esm_nearest_train_distance|target_esm_knn_distance|native_domain_shift_score|native_domain_density_distance|native_support_imbalance|native_density_imbalance,,,183,18,165,42.0,0.254545454545,0.834881920248,0.535808760364,8,3.0,0.375,1.473214285714,0.071428571429,0.22,0.751592356688,0.006137811233,26,0.142076502732,uncertainty_prior_support,False,one_standard_error,0.664924506388,0.16995741386,0.37666350521,0.159145255155,0.5,-0.125,1.964285714286,-0.491071428571,0.095238095238,-0.02380952381,0.24,-0.02,0.757961783439,-0.006369426752,0.012507237985,-0.006369426752
TAPB,bindingdb,seed_7,target,base,0.8,0.1,0.1,test,uncertainty_prior_support,primary,complete,calibrated_error_risk|prior_contradiction_logit|prior_negative_evidence|prior_contradiction_probability|prior_support_probability|log_drug_fit_count|log_target_fit_count|fit_entity_support_min|fit_entity_support_imbalance|fit_joint_novelty|fit_one_sided_novelty|drug_morgan_nearest_train_distance|drug_morgan_knn_distance|target_esm_nearest_train_distance|target_esm_knn_distance|native_domain_shift_score|native_domain_density_distance|native_support_imbalance|native_density_imbalance,,,183,18,165,42.0,0.254545454545,0.834881920248,0.535808760364,16,8.0,0.5,1.964285714286,0.190476190476,0.32,0.771812080537,0.026357535082,34,0.185792349727,uncertainty_prior_support,False,one_standard_error,0.664924506388,0.16995741386,0.37666350521,0.159145255155,0.4375,0.0625,1.71875,0.245535714286,0.166666666667,0.02380952381,0.3,0.02,0.765100671141,0.006711409396,0.019646125686,0.006711409396
TAPB,bindingdb,seed_7,target,base,0.8,0.1,0.2,test,uncertainty_prior_support,primary,complete,calibrated_error_risk|prior_contradiction_logit|prior_negative_evidence|prior_contradiction_probability|prior_support_probability|log_drug_fit_count|log_target_fit_count|fit_entity_support_min|fit_entity_support_imbalance|fit_joint_novelty|fit_one_sided_novelty|drug_morgan_nearest_train_distance|drug_morgan_knn_distance|target_esm_nearest_train_distance|target_esm_knn_distance|native_domain_shift_score|native_domain_density_distance|native_support_imbalance|native_density_imbalance,,,183,18,165,42.0,0.254545454545,0.834881920248,0.535808760364,33,18.0,0.545454545455,2.142857142857,0.428571428571,0.52,0.818181818182,0.072727272727,51,0.27868852459,uncertainty_prior_support,False,one_standard_error,0.664924506388,0.16995741386,0.37666350521,0.159145255155,0.363636363636,0.181818181818,1.428571428571,0.714285714286,0.285714285714,0.142857142857,0.4,0.12,0.772727272727,0.045454545455,0.027272727273,0.045454545455
TAPB,bindingdb,seed_7,target,base,0.8,0.1,0.3,test,uncertainty_prior_support,primary,complete,calibrated_error_risk|prior_contradiction_logit|prior_negative_evidence|prior_contradiction_probability|prior_support_probability|log_drug_fit_count|log_target_fit_count|fit_entity_support_min|fit_entity_support_imbalance|fit_joint_novelty|fit_one_sided_novelty|drug_morgan_nearest_train_distance|drug_morgan_knn_distance|target_esm_nearest_train_distance|target_esm_knn_distance|native_domain_shift_score|native_domain_density_distance|native_support_imbalance|native_density_imbalance,,,183,18,165,42.0,0.254545454545,0.834881920248,0.535808760364,50,26.0,0.52,2.042857142857,0.619047619048,0.68,0.860869565217,0.115415019763,68,0.371584699454,uncertainty_prior_support,False,one_standard_error,0.664924506388,0.16995741386,0.37666350521,0.159145255155,0.32,0.2,1.257142857143,0.785714285714,0.380952380952,0.238095238095,0.48,0.2,0.773913043478,0.086956521739,0.028458498024,0.086956521739
TAPB,bindingdb,seed_7,target,base,0.8,0.2,0.05,test,prior,primary,complete,prior_contradiction_logit|prior_negative_evidence|prior_contradiction_probability|prior_support_probability,,,183,37,146,35.0,0.239726027397,0.74954954955,0.414765629143,7,2.0,0.285714285714,1.191836734694,0.057142857143,0.34,0.762589928058,0.002315955455,44,0.24043715847,prior,False,one_standard_error,0.669498069498,0.080051480051,0.334601161884,0.080164467259,0.142857142857,0.142857142857,0.595918367347,0.595918367347,0.028571428571,0.028571428571,0.32,0.02,0.755395683453,0.007194244604,-0.00487828915,0.007194244604
TAPB,bindingdb,seed_7,target,base,0.8,0.2,0.1,test,prior,primary,complete,prior_contradiction_logit|prior_negative_evidence|prior_contradiction_probability|prior_support_probability,,,183,37,146,35.0,0.239726027397,0.74954954955,0.414765629143,15,5.0,0.333333333333,1.390476190476,0.142857142857,0.4,0.770992366412,0.010718393809,52,0.284153005464,prior,False,one_standard_error,0.669498069498,0.080051480051,0.334601161884,0.080164467259,0.4,-0.066666666667,1.668571428571,-0.278095238095,0.171428571429,-0.028571428571,0.42,-0.02,0.778625954198,-0.007633587786,0.018351981596,-0.007633587786
TAPB,bindingdb,seed_7,target,base,0.8,0.2,0.2,test,prior,primary,complete,prior_contradiction_logit|prior_negative_evidence|prior_contradiction_probability|prior_support_probability,,,183,37,146,35.0,0.239726027397,0.74954954955,0.414765629143,29,12.0,0.413793103448,1.726108374384,0.342857142857,0.54,0.803418803419,0.043144830816,66,0.360655737705,prior,False,one_standard_error,0.669498069498,0.080051480051,0.334601161884,0.080164467259,0.275862068966,0.137931034483,1.150738916256,0.575369458128,0.228571428571,0.114285714286,0.46,0.08,0.769230769231,0.034188034188,0.008956796628,0.034188034188
TAPB,bindingdb,seed_7,target,base,0.8,0.2,0.3,test,prior,primary,complete,prior_contradiction_logit|prior_negative_evidence|prior_contradiction_probability|prior_support_probability,,,183,37,146,35.0,0.239726027397,0.74954954955,0.414765629143,44,19.0,0.431818181818,1.801298701299,0.542857142857,0.68,0.843137254902,0.082863282299,81,0.44262295082,prior,False,one_standard_error,0.669498069498,0.080051480051,0.334601161884,0.080164467259,0.363636363636,0.068181818182,1.516883116883,0.284415584416,0.457142857143,0.085714285714,0.62,0.06,0.813725490196,0.029411764706,0.053451517593,0.029411764706
TAPB,bindingdb,seed_7,target,base,0.9,0.1,0.05,test,prior,primary,complete,prior_contradiction_logit|prior_negative_evidence|prior_contradiction_probability|prior_support_probability,,,113,11,102,19.0,0.186274509804,0.823715916297,0.544941209465,5,3.0,0.6,3.221052631579,0.157894736842,0.36,0.835051546392,0.021326056196,16,0.141592920354,prior,False,one_standard_error,0.685478757134,0.138237159163,0.276861132655,0.26808007681,0.0,0.6,0.0,3.221052631579,0.0,0.157894736842,0.24,0.12,0.80412371134,0.030927835052,-0.009601778856,0.030927835052
TAPB,bindingdb,seed_7,target,base,0.9,0.1,0.1,test,prior,primary,complete,prior_contradiction_logit|prior_negative_evidence|prior_contradiction_probability|prior_support_probability,,,113,11,102,19.0,0.186274509804,0.823715916297,0.544941209465,10,6.0,0.6,3.221052631579,0.315789473684,0.48,0.858695652174,0.044970161978,21,0.185840707965,prior,False,one_standard_error,0.685478757134,0.138237159163,0.276861132655,0.26808007681,0.3,0.3,1.610526315789,1.610526315789,0.157894736842,0.157894736842,0.36,0.12,0.826086956522,0.032608695652,0.012361466326,0.032608695652
TAPB,bindingdb,seed_7,target,base,0.9,0.1,0.2,test,prior,primary,complete,prior_contradiction_logit|prior_negative_evidence|prior_contradiction_probability|prior_support_probability,,,113,11,102,19.0,0.186274509804,0.823715916297,0.544941209465,20,9.0,0.45,2.415789473684,0.473684210526,0.6,0.878048780488,0.064323290292,31,0.274336283186,prior,False,one_standard_error,0.685478757134,0.138237159163,0.276861132655,0.26808007681,0.3,0.15,1.610526315789,0.805263157895,0.315789473684,0.157894736842,0.48,0.12,0.841463414634,0.036585365854,0.027737924438,0.036585365854
TAPB,bindingdb,seed_7,target,base,0.9,0.1,0.3,test,prior,primary,complete,prior_contradiction_logit|prior_negative_evidence|prior_contradiction_probability|prior_support_probability,,,113,11,102,19.0,0.186274509804,0.823715916297,0.544941209465,31,12.0,0.387096774194,2.078098471986,0.631578947368,0.72,0.901408450704,0.087682960508,42,0.371681415929,prior,False,one_standard_error,0.685478757134,0.138237159163,0.276861132655,0.26808007681,0.290322580645,0.096774193548,1.55857385399,0.519524617997,0.473684210526,0.157894736842,0.6,0.12,0.859154929577,0.042253521127,0.045429439381,0.042253521127
TAPB,bindingdb,seed_7,target,base,0.9,0.2,0.05,test,uncertainty,primary,complete,calibrated_error_risk,,,113,23,90,16.0,0.177777777778,0.717060810811,0.32997214932,4,2.0,0.5,2.8125,0.125,0.44,0.837209302326,0.014987080103,27,0.238938053097,uncertainty,True,uncertainty_selected,0.717060810811,0.0,0.32997214932,0.0,0.5,0.0,2.8125,0.0,0.125,0.0,0.44,0.0,0.837209302326,0.0,0.014987080103,0.0
TAPB,bindingdb,seed_7,target,base,0.9,0.2,0.1,test,uncertainty,primary,complete,calibrated_error_risk,,,113,23,90,16.0,0.177777777778,0.717060810811,0.32997214932,9,3.0,0.333333333333,1.875,0.1875,0.48,0.83950617284,0.017283950617,32,0.283185840708,uncertainty,True,uncertainty_selected,0.717060810811,0.0,0.32997214932,0.0,0.333333333333,0.0,1.875,0.0,0.1875,0.0,0.48,0.0,0.83950617284,0.0,0.017283950617,0.0
TAPB,bindingdb,seed_7,target,base,0.9,0.2,0.2,test,uncertainty,primary,complete,calibrated_error_risk,,,113,23,90,16.0,0.177777777778,0.717060810811,0.32997214932,18,5.0,0.277777777778,1.5625,0.3125,0.56,0.847222222222,0.025,41,0.362831858407,uncertainty,True,uncertainty_selected,0.717060810811,0.0,0.32997214932,0.0,0.277777777778,0.0,1.5625,0.0,0.3125,0.0,0.56,0.0,0.847222222222,0.0,0.025,0.0
TAPB,bindingdb,seed_7,target,base,0.9,0.2,0.3,test,uncertainty,primary,complete,calibrated_error_risk,,,113,23,90,16.0,0.177777777778,0.717060810811,0.32997214932,27,8.0,0.296296296296,1.666666666667,0.5,0.68,0.873015873016,0.050793650794,50,0.442477876106,uncertainty,True,uncertainty_selected,0.717060810811,0.0,0.32997214932,0.0,0.296296296296,0.0,1.666666666667,0.0,0.5,0.0,0.68,0.0,0.873015873016,0.0,0.050793650794,0.0
TAPB,bindingdb,seed_7,drug,base,0.8,0.1,0.05,test,uncertainty_support,primary,complete,calibrated_error_risk|log_drug_fit_count|log_target_fit_count|fit_entity_support_min|fit_entity_support_imbalance|fit_joint_novelty|fit_one_sided_novelty|drug_morgan_nearest_train_distance|drug_morgan_knn_distance|target_esm_nearest_train_distance|target_esm_knn_distance|native_domain_shift_score|native_domain_density_distance|native_support_imbalance|native_density_imbalance,,,183,18,165,42.0,0.254545454545,0.83275261324,0.503138678816,8,3.0,0.375,1.473214285714,0.071428571429,0.22,0.751592356688,0.006137811233,26,0.142076502732,uncertainty_support,False,one_standard_error,0.664924506388,0.167828106852,0.37666350521,0.126475173607,0.5,-0.125,1.964285714286,-0.491071428571,0.095238095238,-0.02380952381,0.24,-0.02,0.757961783439,-0.006369426752,0.012507237985,-0.006369426752
TAPB,bindingdb,seed_7,drug,base,0.8,0.1,0.1,test,uncertainty_support,primary,complete,calibrated_error_risk|log_drug_fit_count|log_target_fit_count|fit_entity_support_min|fit_entity_support_imbalance|fit_joint_novelty|fit_one_sided_novelty|drug_morgan_nearest_train_distance|drug_morgan_knn_distance|target_esm_nearest_train_distance|target_esm_knn_distance|native_domain_shift_score|native_domain_density_distance|native_support_imbalance|native_density_imbalance,,,183,18,165,42.0,0.254545454545,0.83275261324,0.503138678816,16,6.0,0.375,1.473214285714,0.142857142857,0.28,0.758389261745,0.01293471629,34,0.185792349727,uncertainty_support,False,one_standard_error,0.664924506388,0.167828106852,0.37666350521,0.126475173607,0.4375,-0.0625,1.71875,-0.245535714286,0.166666666667,-0.02380952381,0.3,-0.02,0.765100671141,-0.006711409396,0.019646125686,-0.006711409396
TAPB,bindingdb,seed_7,drug,base,0.8,0.1,0.2,test,uncertainty_support,primary,complete,calibrated_error_risk|log_drug_fit_count|log_target_fit_count|fit_entity_support_min|fit_entity_support_imbalance|fit_joint_novelty|fit_one_sided_novelty|drug_morgan_nearest_train_distance|drug_morgan_knn_distance|target_esm_nearest_train_distance|target_esm_knn_distance|native_domain_shift_score|native_domain_density_distance|native_support_imbalance|native_density_imbalance,,,183,18,165,42.0,0.254545454545,0.83275261324,0.503138678816,33,17.0,0.515151515152,2.02380952381,0.404761904762,0.5,0.810606060606,0.065151515152,51,0.27868852459,uncertainty_support,False,one_standard_error,0.664924506388,0.167828106852,0.37666350521,0.126475173607,0.363636363636,0.151515151515,1.428571428571,0.595238095238,0.285714285714,0.119047619048,0.4,0.1,0.772727272727,0.037878787879,0.027272727273,0.037878787879
TAPB,bindingdb,seed_7,drug,base,0.8,0.1,0.3,test,uncertainty_support,primary,complete,calibrated_error_risk|log_drug_fit_count|log_target_fit_count|fit_entity_support_min|fit_entity_support_imbalance|fit_joint_novelty|fit_one_sided_novelty|drug_morgan_nearest_train_distance|drug_morgan_knn_distance|target_esm_nearest_train_distance|target_esm_knn_distance|native_domain_shift_score|native_domain_density_distance|native_support_imbalance|native_density_imbalance,,,183,18,165,42.0,0.254545454545,0.83275261324,0.503138678816,50,28.0,0.56,2.2,0.666666666667,0.72,0.878260869565,0.132806324111,68,0.371584699454,uncertainty_support,False,one_standard_error,0.664924506388,0.167828106852,0.37666350521,0.126475173607,0.32,0.24,1.257142857143,0.942857142857,0.380952380952,0.285714285714,0.48,0.24,0.773913043478,0.104347826087,0.028458498024,0.104347826087
TAPB,bindingdb,seed_7,drug,base,0.8,0.2,0.05,test,uncertainty_support,primary,complete,calibrated_error_risk|log_drug_fit_count|log_target_fit_count|fit_entity_support_min|fit_entity_support_imbalance|fit_joint_novelty|fit_one_sided_novelty|drug_morgan_nearest_train_distance|drug_morgan_knn_distance|target_esm_nearest_train_distance|target_esm_knn_distance|native_domain_shift_score|native_domain_density_distance|native_support_imbalance|native_density_imbalance,,,183,37,146,35.0,0.239726027397,0.857915057915,0.515371296126,7,1.0,0.142857142857,0.595918367347,0.028571428571,0.32,0.755395683453,-0.00487828915,44,0.24043715847,uncertainty_support,False,one_standard_error,0.669498069498,0.188416988417,0.334601161884,0.180770134242,0.142857142857,0.0,0.595918367347,0.0,0.028571428571,0.0,0.32,0.0,0.755395683453,0.0,-0.00487828915,0.0
TAPB,bindingdb,seed_7,drug,base,0.8,0.2,0.1,test,uncertainty_support,primary,complete,calibrated_error_risk|log_drug_fit_count|log_target_fit_count|fit_entity_support_min|fit_entity_support_imbalance|fit_joint_novelty|fit_one_sided_novelty|drug_morgan_nearest_train_distance|drug_morgan_knn_distance|target_esm_nearest_train_distance|target_esm_knn_distance|native_domain_shift_score|native_domain_density_distance|native_support_imbalance|native_density_imbalance,,,183,37,146,35.0,0.239726027397,0.857915057915,0.515371296126,15,6.0,0.4,1.668571428571,0.171428571429,0.42,0.778625954198,0.018351981596,52,0.284153005464,uncertainty_support,False,one_standard_error,0.669498069498,0.188416988417,0.334601161884,0.180770134242,0.4,0.0,1.668571428571,0.0,0.171428571429,0.0,0.42,0.0,0.778625954198,0.0,0.018351981596,0.0
TAPB,bindingdb,seed_7,drug,base,0.8,0.2,0.2,test,uncertainty_support,primary,complete,calibrated_error_risk|log_drug_fit_count|log_target_fit_count|fit_entity_support_min|fit_entity_support_imbalance|fit_joint_novelty|fit_one_sided_novelty|drug_morgan_nearest_train_distance|drug_morgan_knn_distance|target_esm_nearest_train_distance|target_esm_knn_distance|native_domain_shift_score|native_domain_density_distance|native_support_imbalance|native_density_imbalance,,,183,37,146,35.0,0.239726027397,0.857915057915,0.515371296126,29,17.0,0.586206896552,2.445320197044,0.485714285714,0.64,0.846153846154,0.085879873551,66,0.360655737705,uncertainty_support,False,one_standard_error,0.669498069498,0.188416988417,0.334601161884,0.180770134242,0.275862068966,0.310344827586,1.150738916256,1.294581280788,0.228571428571,0.257142857143,0.46,0.18,0.769230769231,0.076923076923,0.008956796628,0.076923076923
TAPB,bindingdb,seed_7,drug,base,0.8,0.2,0.3,test,uncertainty_support,primary,complete,calibrated_error_risk|log_drug_fit_count|log_target_fit_count|fit_entity_support_min|fit_entity_support_imbalance|fit_joint_novelty|fit_one_sided_novelty|drug_morgan_nearest_train_distance|drug_morgan_knn_distance|target_esm_nearest_train_distance|target_esm_knn_distance|native_domain_shift_score|native_domain_density_distance|native_support_imbalance|native_density_imbalance,,,183,37,146,35.0,0.239726027397,0.857915057915,0.515371296126,44,27.0,0.613636363636,2.55974025974,0.771428571429,0.84,0.921568627451,0.161294654848,81,0.44262295082,uncertainty_support,False,one_standard_error,0.669498069498,0.188416988417,0.334601161884,0.180770134242,0.363636363636,0.25,1.516883116883,1.042857142857,0.457142857143,0.314285714286,0.62,0.22,0.813725490196,0.107843137255,0.053451517593,0.107843137255
TAPB,bindingdb,seed_7,drug,base,0.9,0.1,0.05,test,uncertainty_support,primary,complete,calibrated_error_risk|log_drug_fit_count|log_target_fit_count|fit_entity_support_min|fit_entity_support_imbalance|fit_joint_novelty|fit_one_sided_novelty|drug_morgan_nearest_train_distance|drug_morgan_knn_distance|target_esm_nearest_train_distance|target_esm_knn_distance|native_domain_shift_score|native_domain_density_distance|native_support_imbalance|native_density_imbalance,,,113,11,102,19.0,0.186274509804,0.908687381103,0.644902859607,5,4.0,0.8,4.294736842105,0.210526315789,0.4,0.845360824742,0.031635334546,16,0.141592920354,uncertainty_support,False,one_standard_error,0.685478757134,0.22320862397,0.276861132655,0.368041726953,0.0,0.8,0.0,4.294736842105,0.0,0.210526315789,0.24,0.16,0.80412371134,0.041237113402,-0.009601778856,0.041237113402
TAPB,bindingdb,seed_7,drug,base,0.9,0.1,0.1,test,uncertainty_support,primary,complete,calibrated_error_risk|log_drug_fit_count|log_target_fit_count|fit_entity_support_min|fit_entity_support_imbalance|fit_joint_novelty|fit_one_sided_novelty|drug_morgan_nearest_train_distance|drug_morgan_knn_distance|target_esm_nearest_train_distance|target_esm_knn_distance|native_domain_shift_score|native_domain_density_distance|native_support_imbalance|native_density_imbalance,,,113,11,102,19.0,0.186274509804,0.908687381103,0.644902859607,10,8.0,0.8,4.294736842105,0.421052631579,0.56,0.880434782609,0.066709292413,21,0.185840707965,uncertainty_support,False,one_standard_error,0.685478757134,0.22320862397,0.276861132655,0.368041726953,0.3,0.5,1.610526315789,2.684210526316,0.157894736842,0.263157894737,0.36,0.2,0.826086956522,0.054347826087,0.012361466326,0.054347826087
TAPB,bindingdb,seed_7,drug,base,0.9,0.1,0.2,test,uncertainty_support,primary,complete,calibrated_error_risk|log_drug_fit_count|log_target_fit_count|fit_entity_support_min|fit_entity_support_imbalance|fit_joint_novelty|fit_one_sided_novelty|drug_morgan_nearest_train_distance|drug_morgan_knn_distance|target_esm_nearest_train_distance|target_esm_knn_distance|native_domain_shift_score|native_domain_density_distance|native_support_imbalance|native_density_imbalance,,,113,11,102,19.0,0.186274509804,0.908687381103,0.644902859607,20,13.0,0.65,3.489473684211,0.684210526316,0.76,0.926829268293,0.113103778097,31,0.274336283186,uncertainty_support,False,one_standard_error,0.685478757134,0.22320862397,0.276861132655,0.368041726953,0.3,0.35,1.610526315789,1.878947368421,0.315789473684,0.368421052632,0.48,0.28,0.841463414634,0.085365853659,0.027737924438,0.085365853659
TAPB,bindingdb,seed_7,drug,base,0.9,0.1,0.3,test,uncertainty_support,primary,complete,calibrated_error_risk|log_drug_fit_count|log_target_fit_count|fit_entity_support_min|fit_entity_support_imbalance|fit_joint_novelty|fit_one_sided_novelty|drug_morgan_nearest_train_distance|drug_morgan_knn_distance|target_esm_nearest_train_distance|target_esm_knn_distance|native_domain_shift_score|native_domain_density_distance|native_support_imbalance|native_density_imbalance,,,113,11,102,19.0,0.186274509804,0.908687381103,0.644902859607,31,16.0,0.516129032258,2.770797962649,0.842105263158,0.88,0.957746478873,0.144020988677,42,0.371681415929,uncertainty_support,False,one_standard_error,0.685478757134,0.22320862397,0.276861132655,0.368041726953,0.290322580645,0.225806451613,1.55857385399,1.212224108659,0.473684210526,0.368421052632,0.6,0.28,0.859154929577,0.098591549296,0.045429439381,0.098591549296
TAPB,bindingdb,seed_7,drug,base,0.9,0.2,0.05,test,uncertainty_support,primary,complete,calibrated_error_risk|log_drug_fit_count|log_target_fit_count|fit_entity_support_min|fit_entity_support_imbalance|fit_joint_novelty|fit_one_sided_novelty|drug_morgan_nearest_train_distance|drug_morgan_knn_distance|target_esm_nearest_train_distance|target_esm_knn_distance|native_domain_shift_score|native_domain_density_distance|native_support_imbalance|native_density_imbalance,,,113,23,90,16.0,0.177777777778,0.89527027027,0.63562504005,4,3.0,0.75,4.21875,0.1875,0.48,0.848837209302,0.02661498708,27,0.238938053097,uncertainty_support,False,one_standard_error,0.717060810811,0.178209459459,0.32997214932,0.30565289073,0.5,0.25,2.8125,1.40625,0.125,0.0625,0.44,0.04,0.837209302326,0.011627906977,0.014987080103,0.011627906977
TAPB,bindingdb,seed_7,drug,base,0.9,0.2,0.1,test,uncertainty_support,primary,complete,calibrated_error_risk|log_drug_fit_count|log_target_fit_count|fit_entity_support_min|fit_entity_support_imbalance|fit_joint_novelty|fit_one_sided_novelty|drug_morgan_nearest_train_distance|drug_morgan_knn_distance|target_esm_nearest_train_distance|target_esm_knn_distance|native_domain_shift_score|native_domain_density_distance|native_support_imbalance|native_density_imbalance,,,113,23,90,16.0,0.177777777778,0.89527027027,0.63562504005,9,6.0,0.666666666667,3.75,0.375,0.6,0.876543209877,0.054320987654,32,0.283185840708,uncertainty_support,False,one_standard_error,0.717060810811,0.178209459459,0.32997214932,0.30565289073,0.333333333333,0.333333333333,1.875,1.875,0.1875,0.1875,0.48,0.12,0.83950617284,0.037037037037,0.017283950617,0.037037037037
TAPB,bindingdb,seed_7,drug,base,0.9,0.2,0.2,test,uncertainty_support,primary,complete,calibrated_error_risk|log_drug_fit_count|log_target_fit_count|fit_entity_support_min|fit_entity_support_imbalance|fit_joint_novelty|fit_one_sided_novelty|drug_morgan_nearest_train_distance|drug_morgan_knn_distance|target_esm_nearest_train_distance|target_esm_knn_distance|native_domain_shift_score|native_domain_density_distance|native_support_imbalance|native_density_imbalance,,,113,23,90,16.0,0.177777777778,0.89527027027,0.63562504005,18,9.0,0.5,2.8125,0.5625,0.72,0.902777777778,0.080555555556,41,0.362831858407,uncertainty_support,False,one_standard_error,0.717060810811,0.178209459459,0.32997214932,0.30565289073,0.277777777778,0.222222222222,1.5625,1.25,0.3125,0.25,0.56,0.16,0.847222222222,0.055555555556,0.025,0.055555555556
TAPB,bindingdb,seed_7,drug,base,0.9,0.2,0.3,test,uncertainty_support,primary,complete,calibrated_error_risk|log_drug_fit_count|log_target_fit_count|fit_entity_support_min|fit_entity_support_imbalance|fit_joint_novelty|fit_one_sided_novelty|drug_morgan_nearest_train_distance|drug_morgan_knn_distance|target_esm_nearest_train_distance|target_esm_knn_distance|native_domain_shift_score|native_domain_density_distance|native_support_imbalance|native_density_imbalance,,,113,23,90,16.0,0.177777777778,0.89527027027,0.63562504005,27,13.0,0.481481481481,2.708333333333,0.8125,0.88,0.952380952381,0.130158730159,50,0.442477876106,uncertainty_support,False,one_standard_error,0.717060810811,0.178209459459,0.32997214932,0.30565289073,0.296296296296,0.185185185185,1.666666666667,1.041666666667,0.5,0.3125,0.68,0.2,0.873015873016,0.079365079365,0.050793650794,0.079365079365
TAPB,bindingdb,seed_8,target,base,0.8,0.1,0.05,test,prior,primary,complete,prior_contradiction_logit|prior_negative_evidence|prior_contradiction_probability|prior_support_probability,,,298,30,268,94.0,0.350746268657,0.667522621668,0.533973008742,13,8.0,0.615384615385,1.754500818331,0.085106382979,0.225225225225,0.662745098039,0.013491366696,43,0.144295302013,prior,False,one_standard_error,0.562606994375,0.104915627293,0.40611250604,0.127860502702,0.384615384615,0.230769230769,1.096563011457,0.657937806874,0.053191489362,0.031914893617,0.198198198198,0.027027027027,0.650980392157,0.011764705882,0.001726660814,0.011764705882
TAPB,bindingdb,seed_8,target,base,0.8,0.1,0.1,test,prior,primary,complete,prior_contradiction_logit|prior_negative_evidence|prior_contradiction_probability|prior_support_probability,,,298,30,268,94.0,0.350746268657,0.667522621668,0.533973008742,27,18.0,0.666666666667,1.900709219858,0.191489361702,0.315315315315,0.684647302905,0.035393571561,57,0.191275167785,prior,False,one_standard_error,0.562606994375,0.104915627293,0.40611250604,0.127860502702,0.481481481481,0.185185185185,1.372734436564,0.527974783294,0.13829787234,0.053191489362,0.27027027027,0.045045045045,0.663900414938,0.020746887967,0.014646683594,0.020746887967
TAPB,bindingdb,seed_8,target,base,0.8,0.1,0.2,test,prior,primary,complete,prior_contradiction_logit|prior_negative_evidence|prior_contradiction_probability|prior_support_probability,,,298,30,268,94.0,0.350746268657,0.667522621668,0.533973008742,54,32.0,0.592592592593,1.689519306541,0.340425531915,0.441441441441,0.710280373832,0.061026642488,84,0.281879194631,prior,False,one_standard_error,0.562606994375,0.104915627293,0.40611250604,0.127860502702,0.425925925926,0.166666666667,1.214342001576,0.475177304965,0.244680851064,0.095744680851,0.36036036036,0.081081081081,0.668224299065,0.042056074766,0.018970567722,0.042056074766
TAPB,bindingdb,seed_8,target,base,0.8,0.1,0.3,test,prior,primary,complete,prior_contradiction_logit|prior_negative_evidence|prior_contradiction_probability|prior_support_probability,,,298,30,268,94.0,0.350746268657,0.667522621668,0.533973008742,80,42.0,0.525,1.496808510638,0.446808510638,0.531531531532,0.723404255319,0.074150523976,110,0.369127516779,prior,False,one_standard_error,0.562606994375,0.104915627293,0.40611250604,0.127860502702,0.425,0.1,1.21170212766,0.285106382979,0.36170212766,0.085106382979,0.459459459459,0.072072072072,0.68085106383,0.042553191489,0.031597332487,0.042553191489
TAPB,bindingdb,seed_8,target,base,0.8,0.2,0.05,test,uncertainty,primary,complete,calibrated_error_risk,,,298,60,238,79.0,0.331932773109,0.535864978903,0.359111075748,12,3.0,0.25,0.753164556962,0.037974683544,0.315315315315,0.663716814159,-0.004350412731,72,0.241610738255,uncertainty,True,uncertainty_selected,0.535864978903,0.0,0.359111075748,0.0,0.25,0.0,0.753164556962,0.0,0.037974683544,0.0,0.315315315315,0.0,0.663716814159,0.0,-0.004350412731,0.0
TAPB,bindingdb,seed_8,target,base,0.8,0.2,0.1,test,uncertainty,primary,complete,calibrated_error_risk,,,298,60,238,79.0,0.331932773109,0.535864978903,0.359111075748,24,8.0,0.333333333333,1.004219409283,0.101265822785,0.36036036036,0.668224299065,0.000157072175,84,0.281879194631,uncertainty,True,uncertainty_selected,0.535864978903,0.0,0.359111075748,0.0,0.333333333333,0.0,1.004219409283,0.0,0.101265822785,0.0,0.36036036036,0.0,0.668224299065,0.0,0.000157072175,0.0
TAPB,bindingdb,seed_8,target,base,0.8,0.2,0.2,test,uncertainty,primary,complete,calibrated_error_risk,,,298,60,238,79.0,0.331932773109,0.535864978903,0.359111075748,48,18.0,0.375,1.129746835443,0.227848101266,0.45045045045,0.678947368421,0.01088014153,108,0.362416107383,uncertainty,True,uncertainty_selected,0.535864978903,0.0,0.359111075748,0.0,0.375,0.0,1.129746835443,0.0,0.227848101266,0.0,0.45045045045,0.0,0.678947368421,0.0,0.01088014153,0.0
TAPB,bindingdb,seed_8,target,base,0.8,0.2,0.3,test,uncertainty,primary,complete,calibrated_error_risk,,,298,60,238,79.0,0.331932773109,0.535864978903,0.359111075748,71,28.0,0.394366197183,1.188090568729,0.354430379747,0.540540540541,0.694610778443,0.026543551552,131,0.439597315436,uncertainty,True,uncertainty_selected,0.535864978903,0.0,0.359111075748,0.0,0.394366197183,0.0,1.188090568729,0.0,0.354430379747,0.0,0.540540540541,0.0,0.694610778443,0.0,0.026543551552,0.0
TAPB,bindingdb,seed_8,target,base,0.9,0.1,0.05,test,uncertainty_support,primary,complete,calibrated_error_risk|log_drug_fit_count|log_target_fit_count|fit_entity_support_min|fit_entity_support_imbalance|fit_joint_novelty|fit_one_sided_novelty|drug_morgan_nearest_train_distance|drug_morgan_knn_distance|target_esm_nearest_train_distance|target_esm_knn_distance|native_domain_shift_score|native_domain_density_distance|native_support_imbalance|native_density_imbalance,,,227,23,204,66.0,0.323529411765,0.717061923584,0.520737449904,10,7.0,0.7,2.163636363636,0.106060606061,0.223684210526,0.69587628866,0.019405700424,33,0.145374449339,uncertainty_support,False,one_standard_error,0.531730346948,0.185331576636,0.362211117149,0.158526332755,0.4,0.3,1.236363636364,0.927272727273,0.060606060606,0.045454545455,0.184210526316,0.039473684211,0.680412371134,0.015463917526,0.003941782899,0.015463917526
TAPB,bindingdb,seed_8,target,base,0.9,0.1,0.1,test,uncertainty_support,primary,complete,calibrated_error_risk|log_drug_fit_count|log_target_fit_count|fit_entity_support_min|fit_entity_support_imbalance|fit_joint_novelty|fit_one_sided_novelty|drug_morgan_nearest_train_distance|drug_morgan_knn_distance|target_esm_nearest_train_distance|target_esm_knn_distance|native_domain_shift_score|native_domain_density_distance|native_support_imbalance|native_density_imbalance,,,227,23,204,66.0,0.323529411765,0.717061923584,0.520737449904,20,12.0,0.6,1.854545454545,0.181818181818,0.289473684211,0.70652173913,0.030051150895,43,0.189427312775,uncertainty_support,False,one_standard_error,0.531730346948,0.185331576636,0.362211117149,0.158526332755,0.4,0.2,1.236363636364,0.618181818182,0.121212121212,0.060606060606,0.236842105263,0.052631578947,0.684782608696,0.021739130435,0.00831202046,0.021739130435
TAPB,bindingdb,seed_8,target,base,0.9,0.1,0.2,test,uncertainty_support,primary,complete,calibrated_error_risk|log_drug_fit_count|log_target_fit_count|fit_entity_support_min|fit_entity_support_imbalance|fit_joint_novelty|fit_one_sided_novelty|drug_morgan_nearest_train_distance|drug_morgan_knn_distance|target_esm_nearest_train_distance|target_esm_knn_distance|native_domain_shift_score|native_domain_density_distance|native_support_imbalance|native_density_imbalance,,,227,23,204,66.0,0.323529411765,0.717061923584,0.520737449904,41,25.0,0.609756097561,1.884700665188,0.378787878788,0.460526315789,0.748466257669,0.071995669433,64,0.281938325991,uncertainty_support,False,one_standard_error,0.531730346948,0.185331576636,0.362211117149,0.158526332755,0.390243902439,0.219512195122,1.206208425721,0.678492239468,0.242424242424,0.136363636364,0.342105263158,0.118421052632,0.693251533742,0.055214723926,0.016780945507,0.055214723926
TAPB,bindingdb,seed_8,target,base,0.9,0.1,0.3,test,uncertainty_support,primary,complete,calibrated_error_risk|log_drug_fit_count|log_target_fit_count|fit_entity_support_min|fit_entity_support_imbalance|fit_joint_novelty|fit_one_sided_novelty|drug_morgan_nearest_train_distance|drug_morgan_knn_distance|target_esm_nearest_train_distance|target_esm_knn_distance|native_domain_shift_score|native_domain_density_distance|native_support_imbalance|native_density_imbalance,,,227,23,204,66.0,0.323529411765,0.717061923584,0.520737449904,61,32.0,0.524590163934,1.621460506706,0.484848484848,0.552631578947,0.762237762238,0.085767174002,84,0.370044052863,uncertainty_support,False,one_standard_error,0.531730346948,0.185331576636,0.362211117149,0.158526332755,0.393442622951,0.131147540984,1.21609538003,0.405365126677,0.363636363636,0.121212121212,0.447368421053,0.105263157895,0.706293706294,0.055944055944,0.029823118058,0.055944055944
TAPB,bindingdb,seed_8,target,base,0.9,0.2,0.05,test,uncertainty_support,primary,complete,calibrated_error_risk|log_drug_fit_count|log_target_fit_count|fit_entity_support_min|fit_entity_support_imbalance|fit_joint_novelty|fit_one_sided_novelty|drug_morgan_nearest_train_distance|drug_morgan_knn_distance|target_esm_nearest_train_distance|target_esm_knn_distance|native_domain_shift_score|native_domain_density_distance|native_support_imbalance|native_density_imbalance,,,227,45,182,57.0,0.313186813187,0.732771929825,0.535836485215,9,6.0,0.666666666667,2.12865497076,0.105263157895,0.328947368421,0.705202312139,0.018389125326,54,0.237885462555,uncertainty_support,False,one_standard_error,0.51550877193,0.217263157895,0.348946570714,0.1868899145,0.444444444444,0.222222222222,1.41910331384,0.70955165692,0.070175438596,0.035087719298,0.302631578947,0.026315789474,0.693641618497,0.011560693642,0.006828431684,0.011560693642
TAPB,bindingdb,seed_8,target,base,0.9,0.2,0.1,test,uncertainty_support,primary,complete,calibrated_error_risk|log_drug_fit_count|log_target_fit_count|fit_entity_support_min|fit_entity_support_imbalance|fit_joint_novelty|fit_one_sided_novelty|drug_morgan_nearest_train_distance|drug_morgan_knn_distance|target_esm_nearest_train_distance|target_esm_knn_distance|native_domain_shift_score|native_domain_density_distance|native_support_imbalance|native_density_imbalance,,,227,45,182,57.0,0.313186813187,0.732771929825,0.535836485215,18,11.0,0.611111111111,1.95126705653,0.19298245614,0.394736842105,0.719512195122,0.032699008309,63,0.277533039648,uncertainty_support,False,one_standard_error,0.51550877193,0.217263157895,0.348946570714,0.1868899145,0.333333333333,0.277777777778,1.06432748538,0.88693957115,0.105263157895,0.087719298246,0.328947368421,0.065789473684,0.689024390244,0.030487804878,0.002211203431,0.030487804878
TAPB,bindingdb,seed_8,target,base,0.9,0.2,0.2,test,uncertainty_support,primary,complete,calibrated_error_risk|log_drug_fit_count|log_target_fit_count|fit_entity_support_min|fit_entity_support_imbalance|fit_joint_novelty|fit_one_sided_novelty|drug_morgan_nearest_train_distance|drug_morgan_knn_distance|target_esm_nearest_train_distance|target_esm_knn_distance|native_domain_shift_score|native_domain_density_distance|native_support_imbalance|native_density_imbalance,,,227,45,182,57.0,0.313186813187,0.732771929825,0.535836485215,36,23.0,0.638888888889,2.039961013645,0.40350877193,0.552631578947,0.767123287671,0.080310100858,81,0.356828193833,uncertainty_support,False,one_standard_error,0.51550877193,0.217263157895,0.348946570714,0.1868899145,0.388888888889,0.25,1.24171539961,0.798245614035,0.245614035088,0.157894736842,0.434210526316,0.118421052632,0.705479452055,0.061643835616,0.018666265242,0.061643835616
TAPB,bindingdb,seed_8,target,base,0.9,0.2,0.3,test,uncertainty_support,primary,complete,calibrated_error_risk|log_drug_fit_count|log_target_fit_count|fit_entity_support_min|fit_entity_support_imbalance|fit_joint_novelty|fit_one_sided_novelty|drug_morgan_nearest_train_distance|drug_morgan_knn_distance|target_esm_nearest_train_distance|target_esm_knn_distance|native_domain_shift_score|native_domain_density_distance|native_support_imbalance|native_density_imbalance,,,227,45,182,57.0,0.313186813187,0.732771929825,0.535836485215,55,29.0,0.527272727273,1.683572567783,0.508771929825,0.631578947368,0.779527559055,0.092714372242,100,0.440528634361,uncertainty_support,False,one_standard_error,0.51550877193,0.217263157895,0.348946570714,0.1868899145,0.363636363636,0.163636363636,1.161084529506,0.522488038278,0.350877192982,0.157894736842,0.513157894737,0.118421052632,0.708661417323,0.070866141732,0.02184823051,0.070866141732
TAPB,bindingdb,seed_8,drug,base,0.8,0.1,0.05,test,uncertainty_support,primary,complete,calibrated_error_risk|log_drug_fit_count|log_target_fit_count|fit_entity_support_min|fit_entity_support_imbalance|fit_joint_novelty|fit_one_sided_novelty|drug_morgan_nearest_train_distance|drug_morgan_knn_distance|target_esm_nearest_train_distance|target_esm_knn_distance|native_domain_shift_score|native_domain_density_distance|native_support_imbalance|native_density_imbalance,,,298,30,268,94.0,0.350746268657,0.687270726339,0.499897157252,13,8.0,0.615384615385,1.754500818331,0.085106382979,0.225225225225,0.662745098039,0.013491366696,43,0.144295302013,uncertainty_support,False,one_standard_error,0.562606994375,0.124663731964,0.40611250604,0.093784651212,0.384615384615,0.230769230769,1.096563011457,0.657937806874,0.053191489362,0.031914893617,0.198198198198,0.027027027027,0.650980392157,0.011764705882,0.001726660814,0.011764705882
TAPB,bindingdb,seed_8,drug,base,0.8,0.1,0.1,test,uncertainty_support,primary,complete,calibrated_error_risk|log_drug_fit_count|log_target_fit_count|fit_entity_support_min|fit_entity_support_imbalance|fit_joint_novelty|fit_one_sided_novelty|drug_morgan_nearest_train_distance|drug_morgan_knn_distance|target_esm_nearest_train_distance|target_esm_knn_distance|native_domain_shift_score|native_domain_density_distance|native_support_imbalance|native_density_imbalance,,,298,30,268,94.0,0.350746268657,0.687270726339,0.499897157252,27,15.0,0.555555555556,1.583924349882,0.159574468085,0.288288288288,0.672199170124,0.022945438781,57,0.191275167785,uncertainty_support,False,one_standard_error,0.562606994375,0.124663731964,0.40611250604,0.093784651212,0.481481481481,0.074074074074,1.372734436564,0.211189913318,0.13829787234,0.021276595745,0.27027027027,0.018018018018,0.663900414938,0.008298755187,0.014646683594,0.008298755187
TAPB,bindingdb,seed_8,drug,base,0.8,0.1,0.2,test,uncertainty_support,primary,complete,calibrated_error_risk|log_drug_fit_count|log_target_fit_count|fit_entity_support_min|fit_entity_support_imbalance|fit_joint_novelty|fit_one_sided_novelty|drug_morgan_nearest_train_distance|drug_morgan_knn_distance|target_esm_nearest_train_distance|target_esm_knn_distance|native_domain_shift_score|native_domain_density_distance|native_support_imbalance|native_density_imbalance,,,298,30,268,94.0,0.350746268657,0.687270726339,0.499897157252,54,32.0,0.592592592593,1.689519306541,0.340425531915,0.441441441441,0.710280373832,0.061026642488,84,0.281879194631,uncertainty_support,False,one_standard_error,0.562606994375,0.124663731964,0.40611250604,0.093784651212,0.425925925926,0.166666666667,1.214342001576,0.475177304965,0.244680851064,0.095744680851,0.36036036036,0.081081081081,0.668224299065,0.042056074766,0.018970567722,0.042056074766
TAPB,bindingdb,seed_8,drug,base,0.8,0.1,0.3,test,uncertainty_support,primary,complete,calibrated_error_risk|log_drug_fit_count|log_target_fit_count|fit_entity_support_min|fit_entity_support_imbalance|fit_joint_novelty|fit_one_sided_novelty|drug_morgan_nearest_train_distance|drug_morgan_knn_distance|target_esm_nearest_train_distance|target_esm_knn_distance|native_domain_shift_score|native_domain_density_distance|native_support_imbalance|native_density_imbalance,,,298,30,268,94.0,0.350746268657,0.687270726339,0.499897157252,80,43.0,0.5375,1.532446808511,0.457446808511,0.540540540541,0.728723404255,0.079469672912,110,0.369127516779,uncertainty_support,False,one_standard_error,0.562606994375,0.124663731964,0.40611250604,0.093784651212,0.425,0.1125,1.21170212766,0.320744680851,0.36170212766,0.095744680851,0.459459459459,0.081081081081,0.68085106383,0.047872340426,0.031597332487,0.047872340426
TAPB,bindingdb,seed_8,drug,base,0.8,0.2,0.05,test,uncertainty_support,primary,complete,calibrated_error_risk|log_drug_fit_count|log_target_fit_count|fit_entity_support_min|fit_entity_support_imbalance|fit_joint_novelty|fit_one_sided_novelty|drug_morgan_nearest_train_distance|drug_morgan_knn_distance|target_esm_nearest_train_distance|target_esm_knn_distance|native_domain_shift_score|native_domain_density_distance|native_support_imbalance|native_density_imbalance,,,298,60,238,79.0,0.331932773109,0.709656874453,0.524446978941,12,8.0,0.666666666667,2.008438818565,0.101265822785,0.36036036036,0.685840707965,0.017773481074,72,0.241610738255,uncertainty_support,False,one_standard_error,0.535864978903,0.17379189555,0.359111075748,0.165335903193,0.25,0.416666666667,0.753164556962,1.255274261603,0.037974683544,0.063291139241,0.315315315315,0.045045045045,0.663716814159,0.022123893805,-0.004350412731,0.022123893805
TAPB,bindingdb,seed_8,drug,base,0.8,0.2,0.1,test,uncertainty_support,primary,complete,calibrated_error_risk|log_drug_fit_count|log_target_fit_count|fit_entity_support_min|fit_entity_support_imbalance|fit_joint_novelty|fit_one_sided_novelty|drug_morgan_nearest_train_distance|drug_morgan_knn_distance|target_esm_nearest_train_distance|target_esm_knn_distance|native_domain_shift_score|native_domain_density_distance|native_support_imbalance|native_density_imbalance,,,298,60,238,79.0,0.331932773109,0.709656874453,0.524446978941,24,16.0,0.666666666667,2.008438818565,0.20253164557,0.432432432432,0.705607476636,0.037540249745,84,0.281879194631,uncertainty_support,False,one_standard_error,0.535864978903,0.17379189555,0.359111075748,0.165335903193,0.333333333333,0.333333333333,1.004219409283,1.004219409283,0.101265822785,0.101265822785,0.36036036036,0.072072072072,0.668224299065,0.03738317757,0.000157072175,0.03738317757
TAPB,bindingdb,seed_8,drug,base,0.8,0.2,0.2,test,uncertainty_support,primary,complete,calibrated_error_risk|log_drug_fit_count|log_target_fit_count|fit_entity_support_min|fit_entity_support_imbalance|fit_joint_novelty|fit_one_sided_novelty|drug_morgan_nearest_train_distance|drug_morgan_knn_distance|target_esm_nearest_train_distance|target_esm_knn_distance|native_domain_shift_score|native_domain_density_distance|native_support_imbalance|native_density_imbalance,,,298,60,238,79.0,0.331932773109,0.709656874453,0.524446978941,48,28.0,0.583333333333,1.757383966245,0.354430379747,0.540540540541,0.731578947368,0.063511720478,108,0.362416107383,uncertainty_support,False,one_standard_error,0.535864978903,0.17379189555,0.359111075748,0.165335903193,0.375,0.208333333333,1.129746835443,0.627637130802,0.227848101266,0.126582278481,0.45045045045,0.09009009009,0.678947368421,0.052631578947,0.01088014153,0.052631578947
TAPB,bindingdb,seed_8,drug,base,0.8,0.2,0.3,test,uncertainty_support,primary,complete,calibrated_error_risk|log_drug_fit_count|log_target_fit_count|fit_entity_support_min|fit_entity_support_imbalance|fit_joint_novelty|fit_one_sided_novelty|drug_morgan_nearest_train_distance|drug_morgan_knn_distance|target_esm_nearest_train_distance|target_esm_knn_distance|native_domain_shift_score|native_domain_density_distance|native_support_imbalance|native_density_imbalance,,,298,60,238,79.0,0.331932773109,0.709656874453,0.524446978941,71,36.0,0.507042253521,1.527545016937,0.455696202532,0.612612612613,0.74251497006,0.074447743169,131,0.439597315436,uncertainty_support,False,one_standard_error,0.535864978903,0.17379189555,0.359111075748,0.165335903193,0.394366197183,0.112676056338,1.188090568729,0.339454448208,0.354430379747,0.101265822785,0.540540540541,0.072072072072,0.694610778443,0.047904191617,0.026543551552,0.047904191617
TAPB,bindingdb,seed_8,drug,base,0.9,0.1,0.05,test,uncertainty_support,primary,complete,calibrated_error_risk|log_drug_fit_count|log_target_fit_count|fit_entity_support_min|fit_entity_support_imbalance|fit_joint_novelty|fit_one_sided_novelty|drug_morgan_nearest_train_distance|drug_morgan_knn_distance|target_esm_nearest_train_distance|target_esm_knn_distance|native_domain_shift_score|native_domain_density_distance|native_support_imbalance|native_density_imbalance,,,227,23,204,66.0,0.323529411765,0.713438735178,0.537423188944,10,8.0,0.8,2.472727272727,0.121212121212,0.236842105263,0.701030927835,0.0245603396,33,0.145374449339,uncertainty_support,False,one_standard_error,0.531730346948,0.18170838823,0.362211117149,0.175212071795,0.4,0.4,1.236363636364,1.236363636364,0.060606060606,0.060606060606,0.184210526316,0.052631578947,0.680412371134,0.020618556701,0.003941782899,0.020618556701
TAPB,bindingdb,seed_8,drug,base,0.9,0.1,0.1,test,uncertainty_support,primary,complete,calibrated_error_risk|log_drug_fit_count|log_target_fit_count|fit_entity_support_min|fit_entity_support_imbalance|fit_joint_novelty|fit_one_sided_novelty|drug_morgan_nearest_train_distance|drug_morgan_knn_distance|target_esm_nearest_train_distance|target_esm_knn_distance|native_domain_shift_score|native_domain_density_distance|native_support_imbalance|native_density_imbalance,,,227,23,204,66.0,0.323529411765,0.713438735178,0.537423188944,20,12.0,0.6,1.854545454545,0.181818181818,0.289473684211,0.70652173913,0.030051150895,43,0.189427312775,uncertainty_support,False,one_standard_error,0.531730346948,0.18170838823,0.362211117149,0.175212071795,0.4,0.2,1.236363636364,0.618181818182,0.121212121212,0.060606060606,0.236842105263,0.052631578947,0.684782608696,0.021739130435,0.00831202046,0.021739130435
TAPB,bindingdb,seed_8,drug,base,0.9,0.1,0.2,test,uncertainty_support,primary,complete,calibrated_error_risk|log_drug_fit_count|log_target_fit_count|fit_entity_support_min|fit_entity_support_imbalance|fit_joint_novelty|fit_one_sided_novelty|drug_morgan_nearest_train_distance|drug_morgan_knn_distance|target_esm_nearest_train_distance|target_esm_knn_distance|native_domain_shift_score|native_domain_density_distance|native_support_imbalance|native_density_imbalance,,,227,23,204,66.0,0.323529411765,0.713438735178,0.537423188944,41,24.0,0.585365853659,1.809312638581,0.363636363636,0.447368421053,0.742331288344,0.065860700108,64,0.281938325991,uncertainty_support,False,one_standard_error,0.531730346948,0.18170838823,0.362211117149,0.175212071795,0.390243902439,0.19512195122,1.206208425721,0.60310421286,0.242424242424,0.121212121212,0.342105263158,0.105263157895,0.693251533742,0.049079754601,0.016780945507,0.049079754601
TAPB,bindingdb,seed_8,drug,base,0.9,0.1,0.3,test,uncertainty_support,primary,complete,calibrated_error_risk|log_drug_fit_count|log_target_fit_count|fit_entity_support_min|fit_entity_support_imbalance|fit_joint_novelty|fit_one_sided_novelty|drug_morgan_nearest_train_distance|drug_morgan_knn_distance|target_esm_nearest_train_distance|target_esm_knn_distance|native_domain_shift_score|native_domain_density_distance|native_support_imbalance|native_density_imbalance,,,227,23,204,66.0,0.323529411765,0.713438735178,0.537423188944,61,29.0,0.475409836066,1.469448584203,0.439393939394,0.513157894737,0.741258741259,0.064788153023,84,0.370044052863,uncertainty_support,False,one_standard_error,0.531730346948,0.18170838823,0.362211117149,0.175212071795,0.393442622951,0.081967213115,1.21609538003,0.253353204173,0.363636363636,0.075757575758,0.447368421053,0.065789473684,0.706293706294,0.034965034965,0.029823118058,0.034965034965
TAPB,bindingdb,seed_8,drug,base,0.9,0.2,0.05,test,uncertainty_support,primary,complete,calibrated_error_risk|log_drug_fit_count|log_target_fit_count|fit_entity_support_min|fit_entity_support_imbalance|fit_joint_novelty|fit_one_sided_novelty|drug_morgan_nearest_train_distance|drug_morgan_knn_distance|target_esm_nearest_train_distance|target_esm_knn_distance|native_domain_shift_score|native_domain_density_distance|native_support_imbalance|native_density_imbalance,,,227,45,182,57.0,0.313186813187,0.722105263158,0.51901127961,9,6.0,0.666666666667,2.12865497076,0.105263157895,0.328947368421,0.705202312139,0.018389125326,54,0.237885462555,uncertainty_support,False,one_standard_error,0.51550877193,0.206596491228,0.348946570714,0.170064708895,0.444444444444,0.222222222222,1.41910331384,0.70955165692,0.070175438596,0.035087719298,0.302631578947,0.026315789474,0.693641618497,0.011560693642,0.006828431684,0.011560693642
TAPB,bindingdb,seed_8,drug,base,0.9,0.2,0.1,test,uncertainty_support,primary,complete,calibrated_error_risk|log_drug_fit_count|log_target_fit_count|fit_entity_support_min|fit_entity_support_imbalance|fit_joint_novelty|fit_one_sided_novelty|drug_morgan_nearest_train_distance|drug_morgan_knn_distance|target_esm_nearest_train_distance|target_esm_knn_distance|native_domain_shift_score|native_domain_density_distance|native_support_imbalance|native_density_imbalance,,,227,45,182,57.0,0.313186813187,0.722105263158,0.51901127961,18,10.0,0.555555555556,1.7738791423,0.175438596491,0.381578947368,0.713414634146,0.026601447333,63,0.277533039648,uncertainty_support,False,one_standard_error,0.51550877193,0.206596491228,0.348946570714,0.170064708895,0.333333333333,0.222222222222,1.06432748538,0.70955165692,0.105263157895,0.070175438596,0.328947368421,0.052631578947,0.689024390244,0.024390243902,0.002211203431,0.024390243902
TAPB,bindingdb,seed_8,drug,base,0.9,0.2,0.2,test,uncertainty_support,primary,complete,calibrated_error_risk|log_drug_fit_count|log_target_fit_count|fit_entity_support_min|fit_entity_support_imbalance|fit_joint_novelty|fit_one_sided_novelty|drug_morgan_nearest_train_distance|drug_morgan_knn_distance|target_esm_nearest_train_distance|target_esm_knn_distance|native_domain_shift_score|native_domain_density_distance|native_support_imbalance|native_density_imbalance,,,227,45,182,57.0,0.313186813187,0.722105263158,0.51901127961,36,23.0,0.638888888889,2.039961013645,0.40350877193,0.552631578947,0.767123287671,0.080310100858,81,0.356828193833,uncertainty_support,False,one_standard_error,0.51550877193,0.206596491228,0.348946570714,0.170064708895,0.388888888889,0.25,1.24171539961,0.798245614035,0.245614035088,0.157894736842,0.434210526316,0.118421052632,0.705479452055,0.061643835616,0.018666265242,0.061643835616
TAPB,bindingdb,seed_8,drug,base,0.9,0.2,0.3,test,uncertainty_support,primary,complete,calibrated_error_risk|log_drug_fit_count|log_target_fit_count|fit_entity_support_min|fit_entity_support_imbalance|fit_joint_novelty|fit_one_sided_novelty|drug_morgan_nearest_train_distance|drug_morgan_knn_distance|target_esm_nearest_train_distance|target_esm_knn_distance|native_domain_shift_score|native_domain_density_distance|native_support_imbalance|native_density_imbalance,,,227,45,182,57.0,0.313186813187,0.722105263158,0.51901127961,55,28.0,0.509090909091,1.625518341308,0.491228070175,0.618421052632,0.771653543307,0.084840356494,100,0.440528634361,uncertainty_support,False,one_standard_error,0.51550877193,0.206596491228,0.348946570714,0.170064708895,0.363636363636,0.145454545455,1.161084529506,0.464433811802,0.350877192982,0.140350877193,0.513157894737,0.105263157895,0.708661417323,0.062992125984,0.02184823051,0.062992125984
