model,dataset,test_run,group_axis,confidence_source,split,added_component,delta_validation_fold_mean_auprc,delta_error_detection_auprc,delta_review_lift,delta_retained_accuracy_gain_vs_residual
DrugBAN,biosnap,seed_4,drug,base,test,combined_empirical_support,,0.310330639253,0.993118341558,0.033220376217
DrugBAN,biosnap,seed_4,drug,base,test,empirical_support,,0.282186034822,1.057782486937,0.037140412184
DrugBAN,biosnap,seed_4,drug,base,test,empirical_support_after_prior,,0.214178459814,1.147918541358,0.040081588654
DrugBAN,biosnap,seed_4,drug,base,test,fit_support,,0.281111356566,0.885334540147,0.031614096394
DrugBAN,biosnap,seed_4,drug,base,test,fit_support_after_legacy_source_domain,,0.224922903916,0.483165919294,0.01808621729
DrugBAN,biosnap,seed_4,drug,base,test,fit_support_after_native_source_domain,,0.255548354881,0.6453575372,0.026392218169
DrugBAN,biosnap,seed_4,drug,base,test,general_target_joint_support,,0.03322792662,0.138899790686,0.005134158927
DrugBAN,biosnap,seed_4,drug,base,test,legacy_empirical_support,,0.258634305435,0.9517460234,0.032472182203
DrugBAN,biosnap,seed_4,drug,base,test,legacy_source_domain_support_after_fit,,-0.022477051131,0.066411483254,0.000858085809
DrugBAN,biosnap,seed_4,drug,base,test,legacy_support_after_native,,0.028144604431,-0.064664145378,-0.003920035966
DrugBAN,biosnap,seed_4,drug,base,test,native_source_domain_support,,0.026637679941,0.412424949737,0.010748194014
DrugBAN,biosnap,seed_4,drug,base,test,native_source_domain_support_after_fit,,0.001074678256,0.17244794679,0.005526315789
DrugBAN,biosnap,seed_4,drug,base,test,native_support_after_legacy,,0.051696333817,0.041372318158,0.000748194014
DrugBAN,biosnap,seed_4,drug,base,test,prior,,0.02867940862,-0.090136054422,-0.002941176471
DrugBAN,biosnap,seed_4,drug,base,test,prior_after_empirical_support,,-0.039328166387,0.0,0.0
DrugBAN,biosnap,seed_4,drug,base,test,source_domain_support,,0.03371140152,0.468580104106,0.014385964912
DrugBAN,biosnap,seed_4,drug,base,test,target_sequence_support,,-0.057160248696,-0.048763736264,-0.002192982456
DrugBAN,biosnap,seed_4,drug,base,validation,combined_empirical_support,0.23749993156,0.2238557568,1.15613242476,0.047353261958
DrugBAN,biosnap,seed_4,drug,base,validation,empirical_support,0.277237723007,0.259743691209,1.406571456935,0.057401082888
DrugBAN,biosnap,seed_4,drug,base,validation,empirical_support_after_prior,0.149236255772,0.136690843146,1.137610052784,0.046658390522
DrugBAN,biosnap,seed_4,drug,base,validation,fit_support,0.276009215912,0.243947850518,1.492280317489,0.061398649501
DrugBAN,biosnap,seed_4,drug,base,validation,fit_support_after_legacy_source_domain,0.092749521272,0.094634314369,0.506475346076,0.019878522638
DrugBAN,biosnap,seed_4,drug,base,validation,fit_support_after_native_source_domain,0.101830958906,0.086150853348,0.371261318904,0.014161488559
DrugBAN,biosnap,seed_4,drug,base,validation,general_target_joint_support,0.087291620391,0.084147111436,0.041852443191,0.002514781321
DrugBAN,biosnap,seed_4,drug,base,validation,legacy_empirical_support,0.223711654806,0.217576676353,1.256861136341,0.051335317244
DrugBAN,biosnap,seed_4,drug,base,validation,legacy_source_domain_support_after_fit,-0.052297561107,-0.026371174165,-0.235419181149,-0.010063332257
DrugBAN,biosnap,seed_4,drug,base,validation,legacy_support_after_native,-0.039737791447,-0.035887934408,-0.250439032175,-0.01004782093
DrugBAN,biosnap,seed_4,drug,base,validation,native_source_domain_support,0.175406764101,0.173592837861,1.035310138031,0.043239594329
DrugBAN,biosnap,seed_4,drug,base,validation,native_source_domain_support_after_fit,0.001228507095,0.015795840691,-0.085708860554,-0.003997566613
DrugBAN,biosnap,seed_4,drug,base,validation,native_support_after_legacy,0.013788276754,0.006279080447,-0.100728711581,-0.003982055286
DrugBAN,biosnap,seed_4,drug,base,validation,prior,0.088674354122,0.07688701659,0.198936774571,0.00868078503
DrugBAN,biosnap,seed_4,drug,base,validation,prior_after_empirical_support,-0.039327113113,-0.046165831473,-0.07002462958,-0.002061907337
DrugBAN,biosnap,seed_4,drug,base,validation,source_domain_support,0.130962133534,0.122942361984,0.750385790264,0.031456794606
DrugBAN,biosnap,seed_4,drug,base,validation,target_sequence_support,-0.020197789958,-0.011288606515,-0.048374147991,-0.001663894745
DrugBAN,biosnap,seed_4,target,base,test,combined_empirical_support,,0.273849446606,0.845709559864,0.027803952222
DrugBAN,biosnap,seed_4,target,base,test,empirical_support,,0.237045704581,1.132702961199,0.038280763061
DrugBAN,biosnap,seed_4,target,base,test,empirical_support_after_prior,,0.208359696084,1.132702961199,0.038280763061
DrugBAN,biosnap,seed_4,target,base,test,fit_support,,0.278912058718,0.843962221989,0.03086590238
DrugBAN,biosnap,seed_4,target,base,test,fit_support_after_legacy_source_domain,,0.193107538832,0.424145854146,0.018672919924
DrugBAN,biosnap,seed_4,target,base,test,fit_support_after_native_source_domain,,0.215013207205,0.728787002471,0.027814834115
DrugBAN,biosnap,seed_4,target,base,test,general_target_joint_support,,0.029789483792,0.063979316423,0.00399380805
DrugBAN,biosnap,seed_4,target,base,test,legacy_empirical_support,,0.224712813952,0.959137441506,0.033916970644
DrugBAN,biosnap,seed_4,target,base,test,legacy_source_domain_support_after_fit,,-0.054199244765,0.115175219517,0.003051068265
DrugBAN,biosnap,seed_4,target,base,test,legacy_support_after_native,,0.036803742025,-0.286993401336,-0.010476810839
DrugBAN,biosnap,seed_4,target,base,test,native_source_domain_support,,0.022032497376,0.403915958728,0.010465928946
DrugBAN,biosnap,seed_4,target,base,test,native_source_domain_support_after_fit,,-0.041866354137,0.288740739211,0.007414860681
DrugBAN,biosnap,seed_4,target,base,test,native_support_after_legacy,,0.049136632654,-0.113427881642,-0.006113018423
DrugBAN,biosnap,seed_4,target,base,test,prior,,0.031062930242,-0.090136054422,-0.002941176471
DrugBAN,biosnap,seed_4,target,base,test,prior_after_empirical_support,,0.002376921745,-0.090136054422,-0.002941176471
DrugBAN,biosnap,seed_4,target,base,test,source_domain_support,,0.03160527512,0.53499158736,0.015244050721
DrugBAN,biosnap,seed_4,target,base,test,target_sequence_support,,-0.065915873941,0.0,0.0
DrugBAN,biosnap,seed_4,target,base,validation,combined_empirical_support,0.151275667827,0.152760958705,0.658442965874,0.028370086887
DrugBAN,biosnap,seed_4,target,base,validation,empirical_support,0.113726413717,0.110886864778,0.522482723248,0.023159475526
DrugBAN,biosnap,seed_4,target,base,validation,empirical_support_after_prior,0.037143148059,0.035586288986,0.661160484408,0.0302011085
DrugBAN,biosnap,seed_4,target,base,validation,fit_support,-0.045369872153,0.004817426467,0.159197379941,0.006169139651
DrugBAN,biosnap,seed_4,target,base,validation,fit_support_after_legacy_source_domain,-0.016772718415,0.017775363782,0.047424287556,0.001998223289
DrugBAN,biosnap,seed_4,target,base,validation,fit_support_after_native_source_domain,-0.063384650762,-0.06379711294,-0.460440016174,-0.018411404023
DrugBAN,biosnap,seed_4,target,base,validation,general_target_joint_support,-0.018652763349,-0.0240514437,-0.206602230927,-0.009003858224
DrugBAN,biosnap,seed_4,target,base,validation,legacy_empirical_support,0.124112656068,0.142736796542,0.807732624265,0.034802131141
DrugBAN,biosnap,seed_4,target,base,validation,legacy_source_domain_support_after_fit,0.169482528221,0.137919370075,0.648535244324,0.02863299149
DrugBAN,biosnap,seed_4,target,base,validation,legacy_support_after_native,0.03754925411,0.041874093928,0.135960242626,0.005210611362
DrugBAN,biosnap,seed_4,target,base,validation,native_source_domain_support,0.177111064479,0.174683977718,0.982922739422,0.041570879549
DrugBAN,biosnap,seed_4,target,base,validation,native_source_domain_support_after_fit,0.15909628587,0.106069438311,0.363285343307,0.016990335875
DrugBAN,biosnap,seed_4,target,base,validation,native_support_after_legacy,0.027163011759,0.010024162164,-0.149289658392,-0.006432044253
DrugBAN,biosnap,seed_4,target,base,validation,prior,0.066751009288,0.067439683825,0.125919111265,0.004749482429
DrugBAN,biosnap,seed_4,target,base,validation,prior_after_empirical_support,-0.00983225637,-0.007860891966,0.264596872425,0.011791115404
DrugBAN,biosnap,seed_4,target,base,validation,source_domain_support,0.140885374483,0.12496143276,0.760308336709,0.032803907852
DrugBAN,biosnap,seed_4,target,base,validation,target_sequence_support,0.000833499037,-0.000108854461,0.039239289391,0.001475589646
DrugBAN,biosnap,seed_5,drug,base,test,combined_empirical_support,,0.33425193074,1.409265415171,0.066347527452
DrugBAN,biosnap,seed_5,drug,base,test,empirical_support,,0.344920535137,1.425091246097,0.066632729538
DrugBAN,biosnap,seed_5,drug,base,test,empirical_support_after_prior,,0.241338636535,1.328357097893,0.062363211742
DrugBAN,biosnap,seed_5,drug,base,test,fit_support,,0.354047857286,1.754377344928,0.081745062295
DrugBAN,biosnap,seed_5,drug,base,test,fit_support_after_legacy_source_domain,,0.249674237909,1.389754222952,0.065205165625
DrugBAN,biosnap,seed_5,drug,base,test,fit_support_after_native_source_domain,,0.180672612154,0.914430244047,0.04346950231
DrugBAN,biosnap,seed_5,drug,base,test,general_target_joint_support,,-0.044764351094,-0.022313470843,-0.000538174512
DrugBAN,biosnap,seed_5,drug,base,test,legacy_empirical_support,,0.35915233224,1.857599133049,0.086267552517
DrugBAN,biosnap,seed_5,drug,base,test,legacy_source_domain_support_after_fit,,0.005104474954,0.103221788121,0.004522490222
DrugBAN,biosnap,seed_5,drug,base,test,legacy_support_after_native,,-0.010668604397,-0.015825830927,-0.000285202086
DrugBAN,biosnap,seed_5,drug,base,test,native_source_domain_support,,0.164247922983,0.510661002051,0.023163227228
DrugBAN,biosnap,seed_5,drug,base,test,native_source_domain_support_after_fit,,-0.009127322149,-0.32928609883,-0.015112332757
DrugBAN,biosnap,seed_5,drug,base,test,native_support_after_legacy,,-0.024900401501,-0.448333717878,-0.019920025065
DrugBAN,biosnap,seed_5,drug,base,test,prior,,0.070258644151,0.133944486886,0.006135189437
DrugBAN,biosnap,seed_5,drug,base,test,prior_after_empirical_support,,-0.033323254451,0.037210338681,0.001865671642
DrugBAN,biosnap,seed_5,drug,base,test,source_domain_support,,0.109478094332,0.467844910097,0.021062386892
DrugBAN,biosnap,seed_5,drug,base,test,target_sequence_support,,-0.005621344748,0.086514070551,0.004219484404
DrugBAN,biosnap,seed_5,drug,base,validation,combined_empirical_support,0.23186367455,0.223543540904,1.496150934855,0.055865460188
DrugBAN,biosnap,seed_5,drug,base,validation,empirical_support,0.25492700413,0.248572187601,1.653483243102,0.061822324642
DrugBAN,biosnap,seed_5,drug,base,validation,empirical_support_after_prior,0.159227691804,0.147902932368,0.890557065848,0.033727249646
DrugBAN,biosnap,seed_5,drug,base,validation,fit_support,0.275170248524,0.239028376842,1.661831805538,0.062227227456
DrugBAN,biosnap,seed_5,drug,base,validation,fit_support_after_legacy_source_domain,0.168449345217,0.158427978954,1.158937234345,0.042781688095
DrugBAN,biosnap,seed_5,drug,base,validation,fit_support_after_native_source_domain,0.154374197318,0.139315132541,1.202415054616,0.045096378465
DrugBAN,biosnap,seed_5,drug,base,validation,general_target_joint_support,-0.009340749229,-0.009509037363,-0.07183908046,-0.002604166667
DrugBAN,biosnap,seed_5,drug,base,validation,legacy_empirical_support,0.221730520391,0.215917027627,1.539667354514,0.057431332439
DrugBAN,biosnap,seed_5,drug,base,validation,legacy_source_domain_support_after_fit,-0.053439728133,-0.023111349215,-0.122164451024,-0.004795895017
DrugBAN,biosnap,seed_5,drug,base,validation,legacy_support_after_native,-0.02306332958,-0.025028646697,-0.157332308247,-0.005956864453
DrugBAN,biosnap,seed_5,drug,base,validation,native_source_domain_support,0.100552806813,0.10925705506,0.451068188486,0.016725946176
DrugBAN,biosnap,seed_5,drug,base,validation,native_source_domain_support_after_fit,-0.020243244394,0.009543810759,-0.008348562436,-0.000404902815
DrugBAN,biosnap,seed_5,drug,base,validation,native_support_after_legacy,0.010133154159,0.007626513276,-0.043516419659,-0.001565872251
DrugBAN,biosnap,seed_5,drug,base,validation,prior,0.073214022081,0.081973841981,0.642593239435,0.023829752063
DrugBAN,biosnap,seed_5,drug,base,validation,prior_after_empirical_support,-0.022485290245,-0.018695413252,-0.120332937819,-0.004265322932
DrugBAN,biosnap,seed_5,drug,base,validation,source_domain_support,0.053281175174,0.057489048674,0.380730120169,0.014649644344
DrugBAN,biosnap,seed_5,drug,base,validation,target_sequence_support,-0.018896236047,-0.009825192948,-0.043977969718,-0.001827453542
DrugBAN,biosnap,seed_5,target,base,test,combined_empirical_support,,0.337517494384,1.339459062189,0.062431048866
DrugBAN,biosnap,seed_5,target,base,test,empirical_support,,0.349484848874,1.339459062189,0.062431048866
DrugBAN,biosnap,seed_5,target,base,test,empirical_support_after_prior,,0.254913965553,1.534800674134,0.071408192186
DrugBAN,biosnap,seed_5,target,base,test,fit_support,,0.356794674107,1.711561252974,0.079644221959
DrugBAN,biosnap,seed_5,target,base,test,fit_support_after_legacy_source_domain,,0.248574242729,1.217607968493,0.056784000549
DrugBAN,biosnap,seed_5,target,base,test,fit_support_after_native_source_domain,,0.175637922515,0.732063911934,0.034998303842
DrugBAN,biosnap,seed_5,target,base,test,general_target_joint_support,,-0.022353203137,0.129330162505,0.00632032474
DrugBAN,biosnap,seed_5,target,base,test,legacy_empirical_support,,0.360784158047,1.814783041095,0.084166712181
DrugBAN,biosnap,seed_5,target,base,test,legacy_source_domain_support_after_fit,,0.00398948394,0.103221788121,0.004522490222
DrugBAN,biosnap,seed_5,target,base,test,legacy_support_after_native,,-0.01196735449,0.0,0.0
DrugBAN,biosnap,seed_5,target,base,test,native_source_domain_support,,0.173846926359,0.607395150256,0.027432745024
DrugBAN,biosnap,seed_5,target,base,test,native_source_domain_support_after_fit,,-0.007309825233,-0.372102190784,-0.017213173093
DrugBAN,biosnap,seed_5,target,base,test,native_support_after_legacy,,-0.023266663663,-0.475323978905,-0.021735663315
DrugBAN,biosnap,seed_5,target,base,test,prior,,0.066059564339,-0.012093393189,-0.00048814112
DrugBAN,biosnap,seed_5,target,base,test,prior_after_empirical_support,,-0.028511318982,0.183248218756,0.0084890022
DrugBAN,biosnap,seed_5,target,base,test,source_domain_support,,0.112209915318,0.597175072602,0.027382711632
DrugBAN,biosnap,seed_5,target,base,test,target_sequence_support,,-0.012014844393,-0.080908317278,-0.00398431571
DrugBAN,biosnap,seed_5,target,base,validation,combined_empirical_support,0.028705993072,0.042706525967,0.211325034066,0.009023918444
DrugBAN,biosnap,seed_5,target,base,validation,empirical_support,0.042133054779,0.057733485081,0.279745321937,0.011910438906
DrugBAN,biosnap,seed_5,target,base,validation,empirical_support_after_prior,-0.028384885662,-0.001569160649,-0.288259188765,-0.011533635845
DrugBAN,biosnap,seed_5,target,base,validation,fit_support,0.0155448969,0.035965408945,0.337944735502,0.014106456507
DrugBAN,biosnap,seed_5,target,base,validation,fit_support_after_legacy_source_domain,-0.027952690736,-0.008560027484,-0.157790386177,-0.005631553401
DrugBAN,biosnap,seed_5,target,base,validation,fit_support_after_native_source_domain,-0.061136138962,-0.055326219162,-0.182209540322,-0.00700294637
DrugBAN,biosnap,seed_5,target,base,validation,general_target_joint_support,-0.011753793547,-0.01005092218,-0.126146133145,-0.004677509248
DrugBAN,biosnap,seed_5,target,base,validation,legacy_empirical_support,0.035144450347,0.047259579682,0.340657118046,0.014215103524
DrugBAN,biosnap,seed_5,target,base,validation,legacy_source_domain_support_after_fit,0.019599553447,0.011294170737,0.002712382544,0.000108647017
DrugBAN,biosnap,seed_5,target,base,validation,legacy_support_after_native,-0.013427061707,-0.015026959114,-0.068420287872,-0.002886520462
DrugBAN,biosnap,seed_5,target,base,validation,native_source_domain_support,0.103269193741,0.113059704243,0.461954862259,0.018913385276
DrugBAN,biosnap,seed_5,target,base,validation,native_source_domain_support_after_fit,0.026588157879,0.021768076136,-0.058199413565,-0.002196017601
DrugBAN,biosnap,seed_5,target,base,validation,native_support_after_legacy,-0.006438457275,-0.004553053715,-0.129332083981,-0.005191185081
DrugBAN,biosnap,seed_5,target,base,validation,prior,0.099879878414,0.092674775702,0.700391895269,0.028804803359
DrugBAN,biosnap,seed_5,target,base,validation,prior_after_empirical_support,0.029361937972,0.033372129971,0.132387384567,0.005360728608
DrugBAN,biosnap,seed_5,target,base,validation,source_domain_support,0.063097141083,0.055819607166,0.498447504223,0.019846656925
DrugBAN,biosnap,seed_5,target,base,validation,target_sequence_support,0.024377114016,0.009836513922,0.058313564314,0.00193701756
DrugBAN,biosnap,seed_6,drug,base,test,combined_empirical_support,,0.206574901881,1.363494462069,0.060865992883
DrugBAN,biosnap,seed_6,drug,base,test,empirical_support,,0.213545319049,1.396452590528,0.061771004446
DrugBAN,biosnap,seed_6,drug,base,test,empirical_support_after_prior,,0.156555191842,1.167547245399,0.052853538206
DrugBAN,biosnap,seed_6,drug,base,test,fit_support,,0.293961441024,1.713853443446,0.076341134128
DrugBAN,biosnap,seed_6,drug,base,test,fit_support_after_legacy_source_domain,,0.156037404763,0.886576873765,0.039016350956
DrugBAN,biosnap,seed_6,drug,base,test,fit_support_after_native_source_domain,,0.166744952025,1.057692896961,0.046543879075
DrugBAN,biosnap,seed_6,drug,base,test,general_target_joint_support,,0.04544099928,0.323355328009,0.013857485475
DrugBAN,biosnap,seed_6,drug,base,test,legacy_empirical_support,,0.203043761989,1.435055531705,0.063636676088
DrugBAN,biosnap,seed_6,drug,base,test,legacy_source_domain_support_after_fit,,-0.090917679035,-0.278797911741,-0.012704458039
DrugBAN,biosnap,seed_6,drug,base,test,legacy_support_after_native,,-0.006970417167,-0.032958128459,-0.000905011563
DrugBAN,biosnap,seed_6,drug,base,test,native_source_domain_support,,0.046800367024,0.338759693567,0.015227125371
DrugBAN,biosnap,seed_6,drug,base,test,native_source_domain_support_after_fit,,-0.080416121975,-0.317400852917,-0.014570129681
DrugBAN,biosnap,seed_6,drug,base,test,native_support_after_legacy,,0.003531139892,-0.071561069635,-0.002770683205
DrugBAN,biosnap,seed_6,drug,base,test,prior,,0.070156647936,0.30204775999,0.012438767021
DrugBAN,biosnap,seed_6,drug,base,test,prior_after_empirical_support,,0.013166520729,0.073142414861,0.003521300781
DrugBAN,biosnap,seed_6,drug,base,test,source_domain_support,,0.047006357226,0.548478657939,0.024620325132
DrugBAN,biosnap,seed_6,drug,base,test,target_sequence_support,,-0.002268343608,0.213782431865,0.009603242264
DrugBAN,biosnap,seed_6,drug,base,validation,combined_empirical_support,0.266574457878,0.265279497293,1.369600892189,0.068690943263
DrugBAN,biosnap,seed_6,drug,base,validation,empirical_support,0.289251455015,0.29054551324,1.451450879417,0.072840826778
DrugBAN,biosnap,seed_6,drug,base,validation,empirical_support_after_prior,0.227575274807,0.23980898896,1.025200558893,0.05164206005
DrugBAN,biosnap,seed_6,drug,base,validation,fit_support,0.265516563529,0.276652478753,1.487118669279,0.074444663606
DrugBAN,biosnap,seed_6,drug,base,validation,fit_support_after_legacy_source_domain,0.155614711935,0.150547234607,0.774339921399,0.039257575839
DrugBAN,biosnap,seed_6,drug,base,validation,fit_support_after_native_source_domain,0.122979973723,0.123872522423,0.84901697908,0.042796925587
DrugBAN,biosnap,seed_6,drug,base,validation,general_target_joint_support,0.019723218584,0.016588885308,0.053030851991,0.002685864599
DrugBAN,biosnap,seed_6,drug,base,validation,legacy_empirical_support,0.281944408532,0.283093039156,1.374437415638,0.068865806097
DrugBAN,biosnap,seed_6,drug,base,validation,legacy_source_domain_support_after_fit,0.016427845003,0.006440560403,-0.112681253641,-0.005578857509
DrugBAN,biosnap,seed_6,drug,base,validation,legacy_support_after_native,-0.022676997136,-0.025266015947,-0.081849987228,-0.004149883514
DrugBAN,biosnap,seed_6,drug,base,validation,native_source_domain_support,0.166271481292,0.166672990817,0.602433900337,0.030043901191
DrugBAN,biosnap,seed_6,drug,base,validation,native_source_domain_support_after_fit,0.023734891486,0.013893034487,-0.035667789862,-0.001603836828
DrugBAN,biosnap,seed_6,drug,base,validation,native_support_after_legacy,-0.015369950653,-0.017813541863,-0.004836523449,-0.000174862834
DrugBAN,biosnap,seed_6,drug,base,validation,prior,0.059370484491,0.052263311332,0.381904319156,0.019093996206
DrugBAN,biosnap,seed_6,drug,base,validation,prior_after_empirical_support,-0.002305695717,0.001526787052,-0.044346001367,-0.002104770522
DrugBAN,biosnap,seed_6,drug,base,validation,source_domain_support,0.126329696597,0.132545804548,0.600097494238,0.029608230258
DrugBAN,biosnap,seed_6,drug,base,validation,target_sequence_support,0.009396375716,0.003895784566,-0.013766421468,-0.000583238144
DrugBAN,biosnap,seed_6,target,base,test,combined_empirical_support,,0.21842319688,1.312630755343,0.05792120582
DrugBAN,biosnap,seed_6,target,base,test,empirical_support,,0.209996409995,1.460806592663,0.064041120674
DrugBAN,biosnap,seed_6,target,base,test,empirical_support_after_prior,,0.158763541496,1.277781619285,0.057938880966
DrugBAN,biosnap,seed_6,target,base,test,fit_support,,0.288726165978,1.680233837245,0.074605023016
DrugBAN,biosnap,seed_6,target,base,test,fit_support_after_legacy_source_domain,,0.158480291425,0.753472677078,0.032972382843
DrugBAN,biosnap,seed_6,target,base,test,fit_support_after_native_source_domain,,0.162763140334,1.054549296953,0.0462533546
DrugBAN,biosnap,seed_6,target,base,test,general_target_joint_support,,0.044809321994,0.293540799558,0.013242998387
DrugBAN,biosnap,seed_6,target,base,test,legacy_empirical_support,,0.215592940114,1.347170229027,0.05957683496
DrugBAN,biosnap,seed_6,target,base,test,legacy_source_domain_support_after_fit,,-0.073133225864,-0.333063608218,-0.015028188057
DrugBAN,biosnap,seed_6,target,base,test,legacy_support_after_native,,0.008426786885,-0.148175837321,-0.006119914853
DrugBAN,biosnap,seed_6,target,base,test,native_source_domain_support,,0.047233269661,0.40625729571,0.017787766073
DrugBAN,biosnap,seed_6,target,base,test,native_source_domain_support_after_fit,,-0.078729755983,-0.219427244582,-0.010563902343
DrugBAN,biosnap,seed_6,target,base,test,native_support_after_legacy,,0.002830256765,-0.034539473684,-0.001655629139
DrugBAN,biosnap,seed_6,target,base,test,prior,,0.067984642005,0.328389935616,0.013225323242
DrugBAN,biosnap,seed_6,target,base,test,prior_after_empirical_support,,0.016751773506,0.145364962237,0.007123083534
DrugBAN,biosnap,seed_6,target,base,test,source_domain_support,,0.057112648689,0.593697551949,0.026604452117
DrugBAN,biosnap,seed_6,target,base,test,target_sequence_support,,-0.001925509418,0.170196155712,0.007608010091
DrugBAN,biosnap,seed_6,target,base,validation,combined_empirical_support,0.018369460733,0.022781619148,-0.015060265345,-0.002029112324
DrugBAN,biosnap,seed_6,target,base,validation,empirical_support,0.030823118986,0.025902196221,0.033118259626,0.000488226481
DrugBAN,biosnap,seed_6,target,base,validation,empirical_support_after_prior,-0.107847016828,-0.0873914255,-0.672729917631,-0.034739737432
DrugBAN,biosnap,seed_6,target,base,validation,fit_support,-0.127106610766,-0.091463077167,-0.644654596369,-0.033216337067
DrugBAN,biosnap,seed_6,target,base,validation,fit_support_after_legacy_source_domain,-0.102971892555,-0.093449648803,-0.434773388187,-0.022798218994
DrugBAN,biosnap,seed_6,target,base,validation,fit_support_after_native_source_domain,-0.136319916237,-0.142860451816,-0.462259803579,-0.023723252587
DrugBAN,biosnap,seed_6,target,base,validation,general_target_joint_support,-0.02843882254,-0.026403309166,-0.216513178004,-0.010625246384
DrugBAN,biosnap,seed_6,target,base,validation,legacy_empirical_support,0.041287097675,0.04804942029,0.114891263785,0.00483561975
DrugBAN,biosnap,seed_6,target,base,validation,legacy_source_domain_support_after_fit,0.168393708441,0.139512497457,0.759545860154,0.038051956817
DrugBAN,biosnap,seed_6,target,base,validation,legacy_support_after_native,-0.012453658253,-0.003120577073,-0.048178524971,-0.002517338805
DrugBAN,biosnap,seed_6,target,base,validation,native_source_domain_support,0.167143035223,0.168762648036,0.495378063205,0.024211479068
DrugBAN,biosnap,seed_6,target,base,validation,native_source_domain_support_after_fit,0.157929729752,0.117365273388,0.677772855995,0.033704563548
DrugBAN,biosnap,seed_6,target,base,validation,native_support_after_legacy,-0.022917636942,-0.025267801142,-0.12995152913,-0.006864732074
DrugBAN,biosnap,seed_6,target,base,validation,prior,0.06894212743,0.060909559627,0.356133267163,0.017961197654
DrugBAN,biosnap,seed_6,target,base,validation,prior_after_empirical_support,-0.069728008384,-0.052384062094,-0.349714910094,-0.017266766259
DrugBAN,biosnap,seed_6,target,base,validation,source_domain_support,0.14425899023,0.141499069093,0.549664651972,0.027633838744
DrugBAN,biosnap,seed_6,target,base,validation,target_sequence_support,0.020029045487,0.019728416449,0.117771149451,0.006333126082
DrugBAN,biosnap,seed_7,drug,base,test,combined_empirical_support,,0.35399180162,1.235159842411,0.086846377487
DrugBAN,biosnap,seed_7,drug,base,test,empirical_support,,0.357404162594,1.300551516322,0.091362694503
DrugBAN,biosnap,seed_7,drug,base,test,empirical_support_after_prior,,0.231913815249,0.728768780239,0.050984524507
DrugBAN,biosnap,seed_7,drug,base,test,fit_support,,0.324156908198,1.207564452113,0.084780982564
DrugBAN,biosnap,seed_7,drug,base,test,fit_support_after_legacy_source_domain,,0.232500523157,0.995964608414,0.069572532011
DrugBAN,biosnap,seed_7,drug,base,test,fit_support_after_native_source_domain,,0.155772082926,0.555815873894,0.038898498874
DrugBAN,biosnap,seed_7,drug,base,test,general_target_joint_support,,0.017931890011,0.088508783869,0.005918581965
DrugBAN,biosnap,seed_7,drug,base,test,legacy_empirical_support,,0.358687464638,1.303637102699,0.091534150032
DrugBAN,biosnap,seed_7,drug,base,test,legacy_source_domain_support_after_fit,,0.03453055644,0.096072650586,0.006753167467
DrugBAN,biosnap,seed_7,drug,base,test,legacy_support_after_native,,-0.003412360973,-0.065391673911,-0.004516317016
DrugBAN,biosnap,seed_7,drug,base,test,native_source_domain_support,,0.201632079668,0.744735642428,0.052464195629
DrugBAN,biosnap,seed_7,drug,base,test,native_source_domain_support_after_fit,,0.033247254395,0.092987064209,0.006581711939
DrugBAN,biosnap,seed_7,drug,base,test,native_support_after_legacy,,-0.004695663018,-0.068477260288,-0.004687772545
DrugBAN,biosnap,seed_7,drug,base,test,prior,,0.118446777377,0.511848417528,0.036104665723
DrugBAN,biosnap,seed_7,drug,base,test,prior_after_empirical_support,,-0.007043569968,-0.059934318555,-0.004273504274
DrugBAN,biosnap,seed_7,drug,base,test,source_domain_support,,0.126186941481,0.307672494285,0.021961618021
DrugBAN,biosnap,seed_7,drug,base,test,target_sequence_support,,0.010655417052,0.03725424339,0.002630750476
DrugBAN,biosnap,seed_7,drug,base,validation,combined_empirical_support,0.245763006132,0.233409548583,1.05431381824,0.066655919229
DrugBAN,biosnap,seed_7,drug,base,validation,empirical_support,0.279114000785,0.263905769189,1.1281481394,0.071227349894
DrugBAN,biosnap,seed_7,drug,base,validation,empirical_support_after_prior,0.135803906872,0.142302036261,0.536637344521,0.033353374734
DrugBAN,biosnap,seed_7,drug,base,validation,fit_support,0.242646974769,0.222295136483,1.083454340827,0.068423433989
DrugBAN,biosnap,seed_7,drug,base,validation,fit_support_after_legacy_source_domain,0.13230743604,0.129784585628,0.354175313569,0.022666693316
DrugBAN,biosnap,seed_7,drug,base,validation,fit_support_after_native_source_domain,0.079818084469,0.075352510325,0.278585762377,0.01759417487
DrugBAN,biosnap,seed_7,drug,base,validation,general_target_joint_support,-0.006314077531,-0.006035077511,0.012301525931,0.000674630042
DrugBAN,biosnap,seed_7,drug,base,validation,legacy_empirical_support,0.237460176333,0.224780024563,0.972448777668,0.061331737082
DrugBAN,biosnap,seed_7,drug,base,validation,legacy_source_domain_support_after_fit,-0.005186798436,0.002484888081,-0.111005563159,-0.007091696907
DrugBAN,biosnap,seed_7,drug,base,validation,legacy_support_after_native,-0.033350994653,-0.030496220606,-0.07383432116,-0.004571430666
DrugBAN,biosnap,seed_7,drug,base,validation,native_source_domain_support,0.199295916315,0.188553258863,0.849562377023,0.053633175025
DrugBAN,biosnap,seed_7,drug,base,validation,native_source_domain_support_after_fit,0.036467026016,0.041610632706,0.044693798573,0.002803915905
DrugBAN,biosnap,seed_7,drug,base,validation,native_support_after_legacy,0.008302829799,0.008629524019,0.081865040572,0.005324182147
DrugBAN,biosnap,seed_7,drug,base,validation,prior,0.127337176306,0.110049002967,0.500578767054,0.031569255318
DrugBAN,biosnap,seed_7,drug,base,validation,prior_after_empirical_support,-0.015972917607,-0.011554729961,-0.090932027824,-0.006304719842
DrugBAN,biosnap,seed_7,drug,base,validation,source_domain_support,0.105152740293,0.094995438935,0.618273464099,0.038665043766
DrugBAN,biosnap,seed_7,drug,base,validation,target_sequence_support,0.004248020711,0.011072206708,0.0241335425,0.000904655876
DrugBAN,biosnap,seed_7,target,base,test,combined_empirical_support,,0.355143067869,1.304753014058,0.091685237313
DrugBAN,biosnap,seed_7,target,base,test,empirical_support,,0.351390848881,1.313295955791,0.092099505585
DrugBAN,biosnap,seed_7,target,base,test,empirical_support_after_prior,,0.216657995914,0.750192997784,0.052707008372
DrugBAN,biosnap,seed_7,target,base,test,fit_support,,0.368815642812,1.356007554537,0.094973068803
DrugBAN,biosnap,seed_7,target,base,test,fit_support_after_legacy_source_domain,,0.352316819132,1.06233535734,0.073668531797
DrugBAN,biosnap,seed_7,target,base,test,fit_support_after_native_source_domain,,0.216992080589,0.809990479996,0.056409108133
DrugBAN,biosnap,seed_7,target,base,test,general_target_joint_support,,0.018637365284,0.067221402668,0.004767502612
DrugBAN,biosnap,seed_7,target,base,test,legacy_empirical_support,,0.355752617467,1.301530591338,0.090942377272
DrugBAN,biosnap,seed_7,target,base,test,legacy_source_domain_support_after_fit,,-0.013063025345,-0.054476963199,-0.004030691531
DrugBAN,biosnap,seed_7,target,base,test,legacy_support_after_native,,0.003752218988,-0.008542941733,-0.000414268271
DrugBAN,biosnap,seed_7,target,base,test,native_source_domain_support,,0.134398768292,0.503305475795,0.035690397451
DrugBAN,biosnap,seed_7,target,base,test,native_source_domain_support_after_fit,,-0.017424793931,-0.042711598746,-0.002873563218
DrugBAN,biosnap,seed_7,target,base,test,native_support_after_legacy,,-0.000609549598,0.00322242272,0.000742860041
DrugBAN,biosnap,seed_7,target,base,test,prior,,0.130659614003,0.511848417528,0.036104665723
DrugBAN,biosnap,seed_7,target,base,test,prior_after_empirical_support,,-0.004073238964,-0.051254540479,-0.00328783149
DrugBAN,biosnap,seed_7,target,base,test,source_domain_support,,0.003435798335,0.239195233997,0.017273845476
DrugBAN,biosnap,seed_7,target,base,test,target_sequence_support,,0.001671914125,-0.067221402668,-0.004767502612
DrugBAN,biosnap,seed_7,target,base,validation,combined_empirical_support,0.205313543318,0.21412659746,0.779462698096,0.051300204406
DrugBAN,biosnap,seed_7,target,base,validation,empirical_support,0.221217772232,0.240032032257,0.817376826723,0.053753630526
DrugBAN,biosnap,seed_7,target,base,validation,empirical_support_after_prior,0.020168329186,0.030616593358,0.184656187137,0.012291630589
DrugBAN,biosnap,seed_7,target,base,validation,fit_support,0.112812309286,0.117704103635,0.479452734907,0.031307450594
DrugBAN,biosnap,seed_7,target,base,validation,fit_support_after_legacy_source_domain,0.037316525163,0.058315079238,0.106773077343,0.006860117729
DrugBAN,biosnap,seed_7,target,base,validation,fit_support_after_native_source_domain,-0.036538194857,-0.020203734726,-0.140713809361,-0.009331173228
DrugBAN,biosnap,seed_7,target,base,validation,general_target_joint_support,0.001796343433,-0.001163063596,0.034866860731,0.002218458578
DrugBAN,biosnap,seed_7,target,base,validation,legacy_empirical_support,0.189966742611,0.200274883262,0.676680532062,0.044254634525
DrugBAN,biosnap,seed_7,target,base,validation,legacy_source_domain_support_after_fit,0.077154433325,0.082570779627,0.197227797155,0.012947183931
DrugBAN,biosnap,seed_7,target,base,validation,legacy_support_after_native,-0.015904228915,-0.025905434796,-0.037914128626,-0.00245342612
DrugBAN,biosnap,seed_7,target,base,validation,native_source_domain_support,0.257755967089,0.260235766983,0.958090636084,0.063084803754
DrugBAN,biosnap,seed_7,target,base,validation,native_source_domain_support_after_fit,0.108405462946,0.122327928621,0.337924091816,0.022446179932
DrugBAN,biosnap,seed_7,target,base,validation,native_support_after_legacy,0.015346800706,0.013851714198,0.102782166034,0.007045569882
DrugBAN,biosnap,seed_7,target,base,validation,prior,0.223738888213,0.226937229718,0.766969718362,0.050485025891
DrugBAN,biosnap,seed_7,target,base,validation,prior_after_empirical_support,0.022689445166,0.01752179082,0.134249078776,0.009023025954
DrugBAN,biosnap,seed_7,target,base,validation,source_domain_support,0.152650217449,0.141959804024,0.569907454719,0.037394516796
DrugBAN,biosnap,seed_7,target,base,validation,target_sequence_support,0.034856263302,0.036458488607,0.192235783566,0.012625507269
DrugBAN,biosnap,seed_8,drug,base,test,combined_empirical_support,,0.320283400446,1.903706878646,0.066901758416
DrugBAN,biosnap,seed_8,drug,base,test,empirical_support,,0.298503429039,1.847255265743,0.064869238091
DrugBAN,biosnap,seed_8,drug,base,test,empirical_support_after_prior,,0.241419233588,1.527976645204,0.05316830704
DrugBAN,biosnap,seed_8,drug,base,test,fit_support,,0.392187387993,2.005279384481,0.070700319567
DrugBAN,biosnap,seed_8,drug,base,test,fit_support_after_legacy_source_domain,,0.203716469201,0.884354592277,0.031778398124
DrugBAN,biosnap,seed_8,drug,base,test,fit_support_after_native_source_domain,,0.149532107731,1.086497326203,0.03832385267
DrugBAN,biosnap,seed_8,drug,base,test,general_target_joint_support,,0.005834384862,-0.072478991597,-0.002272727273
DrugBAN,biosnap,seed_8,drug,base,test,legacy_empirical_support,,0.334259803508,1.847255265743,0.064869238091
DrugBAN,biosnap,seed_8,drug,base,test,legacy_source_domain_support_after_fit,,-0.057927584485,-0.158024118738,-0.005831081476
DrugBAN,biosnap,seed_8,drug,base,test,legacy_support_after_native,,0.021779971407,0.056451612903,0.002032520325
DrugBAN,biosnap,seed_8,drug,base,test,native_source_domain_support,,0.148971321309,0.760757939539,0.026545385421
DrugBAN,biosnap,seed_8,drug,base,test,native_source_domain_support_after_fit,,-0.093683958954,-0.158024118738,-0.005831081476
DrugBAN,biosnap,seed_8,drug,base,test,native_support_after_legacy,,-0.013976403062,0.056451612903,0.002032520325
DrugBAN,biosnap,seed_8,drug,base,test,prior,,0.029626542294,0.388527229073,0.013934890225
DrugBAN,biosnap,seed_8,drug,base,test,prior_after_empirical_support,,-0.027457653158,0.069248608534,0.002233959174
DrugBAN,biosnap,seed_8,drug,base,test,source_domain_support,,0.130543334307,0.962900673466,0.033090839967
DrugBAN,biosnap,seed_8,drug,base,test,target_sequence_support,,-0.018279264553,0.20241187384,0.007629642627
DrugBAN,biosnap,seed_8,drug,base,validation,combined_empirical_support,0.226845268852,0.217196366482,1.410774498511,0.051429834537
DrugBAN,biosnap,seed_8,drug,base,validation,empirical_support,0.283677419523,0.2912353743,1.552511704346,0.056718335716
DrugBAN,biosnap,seed_8,drug,base,validation,empirical_support_after_prior,0.144419650633,0.145343630023,0.662309300577,0.024093470178
DrugBAN,biosnap,seed_8,drug,base,validation,fit_support,0.259901994034,0.27400678447,1.610975837339,0.058740664278
DrugBAN,biosnap,seed_8,drug,base,validation,fit_support_after_legacy_source_domain,0.156181286744,0.152619118629,0.598330376847,0.022497808903
DrugBAN,biosnap,seed_8,drug,base,validation,fit_support_after_native_source_domain,0.164854696104,0.165551101135,0.670852409339,0.025292919058
DrugBAN,biosnap,seed_8,drug,base,validation,general_target_joint_support,0.011018442564,-0.009531560269,0.035015398232,0.001095731465
DrugBAN,biosnap,seed_8,drug,base,validation,legacy_empirical_support,0.239496980491,0.234391243107,1.466420409901,0.053398307728
DrugBAN,biosnap,seed_8,drug,base,validation,legacy_source_domain_support_after_fit,-0.020405013543,-0.039615541364,-0.144555427438,-0.00534235655
DrugBAN,biosnap,seed_8,drug,base,validation,legacy_support_after_native,-0.056832150671,-0.074039007817,-0.141737205835,-0.005288501179
DrugBAN,biosnap,seed_8,drug,base,validation,native_source_domain_support,0.11882272342,0.125684273164,0.881659295007,0.031425416658
DrugBAN,biosnap,seed_8,drug,base,validation,native_source_domain_support_after_fit,0.023775425489,0.017228589829,-0.058464132993,-0.002022328562
DrugBAN,biosnap,seed_8,drug,base,validation,native_support_after_legacy,-0.012651711639,-0.017194876624,-0.05564591139,-0.001968473191
DrugBAN,biosnap,seed_8,drug,base,validation,prior,0.119309319092,0.110510976501,0.86686229582,0.031434937641
DrugBAN,biosnap,seed_8,drug,base,validation,prior_after_empirical_support,-0.019948449798,-0.035380767776,-0.023340107949,-0.001189927897
DrugBAN,biosnap,seed_8,drug,base,validation,source_domain_support,0.083315693747,0.081772124477,0.868090033054,0.030900498825
DrugBAN,biosnap,seed_8,drug,base,validation,target_sequence_support,-0.02308942164,-0.030412550985,-0.065231607142,-0.002416439574
DrugBAN,biosnap,seed_8,target,base,test,combined_empirical_support,,0.325502929061,2.118915748117,0.074732839892
DrugBAN,biosnap,seed_8,target,base,test,empirical_support,,0.322163582567,2.118915748117,0.074732839892
DrugBAN,biosnap,seed_8,target,base,test,empirical_support_after_prior,,0.254794565721,1.572364400306,0.054966868191
DrugBAN,biosnap,seed_8,target,base,test,fit_support,,0.40798244994,2.163303503219,0.076531401043
DrugBAN,biosnap,seed_8,target,base,test,fit_support_after_legacy_source_domain,,0.217111070161,1.168812070283,0.041843438774
DrugBAN,biosnap,seed_8,target,base,test,fit_support_after_native_source_domain,,0.174029457171,1.313770053476,0.04638889332
DrugBAN,biosnap,seed_8,target,base,test,general_target_joint_support,,0.025008569997,-0.044387755102,-0.001798561151
DrugBAN,biosnap,seed_8,target,base,test,legacy_empirical_support,,0.356002499956,2.163303503219,0.076531401043
DrugBAN,biosnap,seed_8,target,base,test,legacy_source_domain_support_after_fit,,-0.051979949985,0.0,0.0
DrugBAN,biosnap,seed_8,target,base,test,legacy_support_after_native,,0.003339346494,0.0,0.0
DrugBAN,biosnap,seed_8,target,base,test,native_source_domain_support,,0.148134125396,0.805145694641,0.028343946572
DrugBAN,biosnap,seed_8,target,base,test,native_source_domain_support_after_fit,,-0.085818867373,-0.044387755102,-0.001798561151
DrugBAN,biosnap,seed_8,target,base,test,native_support_after_legacy,,-0.030499570895,-0.044387755102,-0.001798561151
DrugBAN,biosnap,seed_8,target,base,test,prior,,0.027308712746,0.316048237477,0.011662162953
DrugBAN,biosnap,seed_8,target,base,test,prior_after_empirical_support,,-0.0400603041,-0.230503110335,-0.008103808749
DrugBAN,biosnap,seed_8,target,base,test,source_domain_support,,0.138891429795,0.994491432937,0.034687962269
DrugBAN,biosnap,seed_8,target,base,test,target_sequence_support,,-0.035003274319,0.101572505835,0.003798561151
DrugBAN,biosnap,seed_8,target,base,validation,combined_empirical_support,0.035719047418,0.019070829857,0.188853395298,0.00528273795
DrugBAN,biosnap,seed_8,target,base,validation,empirical_support,0.050420657796,0.029567202349,0.170558243865,0.004417625262
DrugBAN,biosnap,seed_8,target,base,validation,empirical_support_after_prior,-0.001947457531,-0.046961140096,-0.451411264188,-0.01734005376
DrugBAN,biosnap,seed_8,target,base,validation,fit_support,-0.039463631585,-0.072138504263,-0.333239582033,-0.013977670722
DrugBAN,biosnap,seed_8,target,base,validation,fit_support_after_legacy_source_domain,-0.075605093743,-0.102192019762,-0.887424968192,-0.033520790737
DrugBAN,biosnap,seed_8,target,base,validation,fit_support_after_native_source_domain,-0.102753351905,-0.098404532449,-0.695083765232,-0.027332606605
DrugBAN,biosnap,seed_8,target,base,validation,general_target_joint_support,0.002003876262,0.023971988941,0.310901129225,0.013306748778
DrugBAN,biosnap,seed_8,target,base,validation,legacy_empirical_support,0.036031035162,-0.005415951163,0.125821822564,0.003408400407
DrugBAN,biosnap,seed_8,target,base,validation,legacy_source_domain_support_after_fit,0.075494666747,0.066722553101,0.459061404597,0.017386071129
DrugBAN,biosnap,seed_8,target,base,validation,legacy_support_after_native,-0.014701610379,-0.010496372492,0.018295151433,0.000865112688
DrugBAN,biosnap,seed_8,target,base,validation,native_source_domain_support,0.153174009701,0.127971734798,0.865642009097,0.031750231867
DrugBAN,biosnap,seed_8,target,base,validation,native_source_domain_support_after_fit,0.089884289382,0.101705706612,0.503797825898,0.018395295984
DrugBAN,biosnap,seed_8,target,base,validation,native_support_after_legacy,-0.000311987744,0.024486781019,0.063031572734,0.001874337544
DrugBAN,biosnap,seed_8,target,base,validation,prior,0.100343467762,0.095498906685,0.746076794559,0.027613270254
DrugBAN,biosnap,seed_8,target,base,validation,prior_after_empirical_support,0.047975352435,0.01897056424,0.124107286506,0.005855591233
DrugBAN,biosnap,seed_8,target,base,validation,source_domain_support,0.111636128905,0.096776068599,1.013246790756,0.036929191143
DrugBAN,biosnap,seed_8,target,base,validation,target_sequence_support,-0.003656097436,-0.012305512187,0.057468789637,0.002277969538
