model,dataset,test_run,group_axis,confidence_source,confidence_threshold,uncertainty_reject_fraction,review_fraction,split,calibration_status,candidate_n,candidate_error_count,deferred_n,deferred_error_count,residual_n,residual_error_count,residual_has_two_classes,residual_error_warning,residual_error_warning_reason
PACE,biosnap,seed_4,target,base,0.8,0.1,0.2,validation,cross_fitted,1039,190.0,104,35.0,935,155.0,True,False,
PACE,biosnap,seed_4,target,base,0.8,0.1,0.2,test,fitted,278,45.0,28,7.0,250,38.0,True,False,
PACE,biosnap,seed_4,target,base,0.8,0.2,0.2,validation,cross_fitted,1039,190.0,208,66.0,831,124.0,True,False,
PACE,biosnap,seed_4,target,base,0.8,0.2,0.2,test,fitted,278,45.0,56,17.0,222,28.0,True,False,
PACE,biosnap,seed_4,target,base,0.9,0.1,0.2,validation,cross_fitted,934,154.0,93,26.0,841,128.0,True,False,
PACE,biosnap,seed_4,target,base,0.9,0.1,0.2,test,fitted,243,34.0,24,6.0,219,28.0,True,False,
PACE,biosnap,seed_4,target,base,0.9,0.2,0.2,validation,cross_fitted,934,154.0,187,47.0,747,107.0,True,False,
PACE,biosnap,seed_4,target,base,0.9,0.2,0.2,test,fitted,243,34.0,49,13.0,194,21.0,True,False,
PACE,biosnap,seed_4,drug,base,0.8,0.1,0.2,validation,cross_fitted,1039,190.0,104,36.0,935,154.0,True,False,
PACE,biosnap,seed_4,drug,base,0.8,0.1,0.2,test,fitted,278,45.0,28,7.0,250,38.0,True,False,
PACE,biosnap,seed_4,drug,base,0.8,0.2,0.2,validation,cross_fitted,1039,190.0,208,65.0,831,125.0,True,False,
PACE,biosnap,seed_4,drug,base,0.8,0.2,0.2,test,fitted,278,45.0,56,17.0,222,28.0,True,False,
PACE,biosnap,seed_4,drug,base,0.9,0.1,0.2,validation,cross_fitted,934,154.0,93,27.0,841,127.0,True,False,
PACE,biosnap,seed_4,drug,base,0.9,0.1,0.2,test,fitted,243,34.0,24,6.0,219,28.0,True,False,
PACE,biosnap,seed_4,drug,base,0.9,0.2,0.2,validation,cross_fitted,934,154.0,187,48.0,747,106.0,True,False,
PACE,biosnap,seed_4,drug,base,0.9,0.2,0.2,test,fitted,243,34.0,49,13.0,194,21.0,True,False,
PACE,biosnap,seed_5,target,base,0.8,0.1,0.2,validation,cross_fitted,688,74.0,69,14.0,619,60.0,True,False,
PACE,biosnap,seed_5,target,base,0.8,0.1,0.2,test,fitted,176,19.0,18,5.0,158,14.0,True,False,
PACE,biosnap,seed_5,target,base,0.8,0.2,0.2,validation,cross_fitted,688,74.0,138,28.0,550,46.0,True,False,
PACE,biosnap,seed_5,target,base,0.8,0.2,0.2,test,fitted,176,19.0,35,9.0,141,10.0,True,False,
PACE,biosnap,seed_5,target,base,0.9,0.1,0.2,validation,cross_fitted,588,55.0,59,12.0,529,43.0,True,False,
PACE,biosnap,seed_5,target,base,0.9,0.1,0.2,test,fitted,147,11.0,15,2.0,132,9.0,True,True,residual_error_count_lt_10
PACE,biosnap,seed_5,target,base,0.9,0.2,0.2,validation,cross_fitted,588,55.0,118,18.0,470,37.0,True,False,
PACE,biosnap,seed_5,target,base,0.9,0.2,0.2,test,fitted,147,11.0,29,3.0,118,8.0,True,True,residual_error_count_lt_10
PACE,biosnap,seed_5,drug,base,0.8,0.1,0.2,validation,cross_fitted,688,74.0,69,14.0,619,60.0,True,False,
PACE,biosnap,seed_5,drug,base,0.8,0.1,0.2,test,fitted,176,19.0,18,5.0,158,14.0,True,False,
PACE,biosnap,seed_5,drug,base,0.8,0.2,0.2,validation,cross_fitted,688,74.0,138,29.0,550,45.0,True,False,
PACE,biosnap,seed_5,drug,base,0.8,0.2,0.2,test,fitted,176,19.0,35,9.0,141,10.0,True,False,
PACE,biosnap,seed_5,drug,base,0.9,0.1,0.2,validation,cross_fitted,588,55.0,59,12.0,529,43.0,True,False,
PACE,biosnap,seed_5,drug,base,0.9,0.1,0.2,test,fitted,147,11.0,15,2.0,132,9.0,True,True,residual_error_count_lt_10
PACE,biosnap,seed_5,drug,base,0.9,0.2,0.2,validation,cross_fitted,588,55.0,118,18.0,470,37.0,True,False,
PACE,biosnap,seed_5,drug,base,0.9,0.2,0.2,test,fitted,147,11.0,29,3.0,118,8.0,True,True,residual_error_count_lt_10
PACE,biosnap,seed_6,target,base,0.8,0.1,0.2,validation,cross_fitted,859,104.0,86,20.0,773,84.0,True,False,
PACE,biosnap,seed_6,target,base,0.8,0.1,0.2,test,fitted,208,23.0,21,5.0,187,18.0,True,False,
PACE,biosnap,seed_6,target,base,0.8,0.2,0.2,validation,cross_fitted,859,104.0,172,43.0,687,61.0,True,False,
PACE,biosnap,seed_6,target,base,0.8,0.2,0.2,test,fitted,208,23.0,42,10.0,166,13.0,True,False,
PACE,biosnap,seed_6,target,base,0.9,0.1,0.2,validation,cross_fitted,706,66.0,71,14.0,635,52.0,True,False,
PACE,biosnap,seed_6,target,base,0.9,0.1,0.2,test,fitted,175,14.0,18,3.0,157,11.0,True,False,
PACE,biosnap,seed_6,target,base,0.9,0.2,0.2,validation,cross_fitted,706,66.0,141,31.0,565,35.0,True,False,
PACE,biosnap,seed_6,target,base,0.9,0.2,0.2,test,fitted,175,14.0,35,5.0,140,9.0,True,True,residual_error_count_lt_10
PACE,biosnap,seed_6,drug,base,0.8,0.1,0.2,validation,cross_fitted,859,104.0,86,20.0,773,84.0,True,False,
PACE,biosnap,seed_6,drug,base,0.8,0.1,0.2,test,fitted,208,23.0,21,5.0,187,18.0,True,False,
PACE,biosnap,seed_6,drug,base,0.8,0.2,0.2,validation,cross_fitted,859,104.0,172,43.0,687,61.0,True,False,
PACE,biosnap,seed_6,drug,base,0.8,0.2,0.2,test,fitted,208,23.0,42,10.0,166,13.0,True,False,
PACE,biosnap,seed_6,drug,base,0.9,0.1,0.2,validation,cross_fitted,706,66.0,71,16.0,635,50.0,True,False,
PACE,biosnap,seed_6,drug,base,0.9,0.1,0.2,test,fitted,175,14.0,18,3.0,157,11.0,True,False,
PACE,biosnap,seed_6,drug,base,0.9,0.2,0.2,validation,cross_fitted,706,66.0,141,30.0,565,36.0,True,False,
PACE,biosnap,seed_6,drug,base,0.9,0.2,0.2,test,fitted,175,14.0,35,5.0,140,9.0,True,True,residual_error_count_lt_10
PACE,biosnap,seed_7,target,base,0.8,0.1,0.2,validation,cross_fitted,709,70.0,71,12.0,638,58.0,True,False,
PACE,biosnap,seed_7,target,base,0.8,0.1,0.2,test,fitted,181,15.0,18,2.0,163,13.0,True,False,
PACE,biosnap,seed_7,target,base,0.8,0.2,0.2,validation,cross_fitted,709,70.0,142,25.0,567,45.0,True,False,
PACE,biosnap,seed_7,target,base,0.8,0.2,0.2,test,fitted,181,15.0,36,7.0,145,8.0,True,True,residual_error_count_lt_10
PACE,biosnap,seed_7,target,base,0.9,0.1,0.2,validation,cross_fitted,557,43.0,56,8.0,501,35.0,True,False,
PACE,biosnap,seed_7,target,base,0.9,0.1,0.2,test,fitted,144,8.0,14,0.0,130,8.0,True,True,residual_error_count_lt_10
PACE,biosnap,seed_7,target,base,0.9,0.2,0.2,validation,cross_fitted,557,43.0,111,15.0,446,28.0,True,False,
PACE,biosnap,seed_7,target,base,0.9,0.2,0.2,test,fitted,144,8.0,29,4.0,115,4.0,True,True,residual_error_count_lt_10
PACE,biosnap,seed_7,drug,base,0.8,0.1,0.2,validation,cross_fitted,709,70.0,71,12.0,638,58.0,True,False,
PACE,biosnap,seed_7,drug,base,0.8,0.1,0.2,test,fitted,181,15.0,18,2.0,163,13.0,True,False,
PACE,biosnap,seed_7,drug,base,0.8,0.2,0.2,validation,cross_fitted,709,70.0,142,25.0,567,45.0,True,False,
PACE,biosnap,seed_7,drug,base,0.8,0.2,0.2,test,fitted,181,15.0,36,7.0,145,8.0,True,True,residual_error_count_lt_10
PACE,biosnap,seed_7,drug,base,0.9,0.1,0.2,validation,cross_fitted,557,43.0,56,8.0,501,35.0,True,False,
PACE,biosnap,seed_7,drug,base,0.9,0.1,0.2,test,fitted,144,8.0,14,0.0,130,8.0,True,True,residual_error_count_lt_10
PACE,biosnap,seed_7,drug,base,0.9,0.2,0.2,validation,cross_fitted,557,43.0,111,14.0,446,29.0,True,False,
PACE,biosnap,seed_7,drug,base,0.9,0.2,0.2,test,fitted,144,8.0,29,4.0,115,4.0,True,True,residual_error_count_lt_10
PACE,biosnap,seed_8,target,base,0.8,0.1,0.2,validation,cross_fitted,820,102.0,82,22.0,738,80.0,True,False,
PACE,biosnap,seed_8,target,base,0.8,0.1,0.2,test,fitted,200,25.0,20,5.0,180,20.0,True,False,
PACE,biosnap,seed_8,target,base,0.8,0.2,0.2,validation,cross_fitted,820,102.0,164,37.0,656,65.0,True,False,
PACE,biosnap,seed_8,target,base,0.8,0.2,0.2,test,fitted,200,25.0,40,12.0,160,13.0,True,False,
PACE,biosnap,seed_8,target,base,0.9,0.1,0.2,validation,cross_fitted,682,70.0,68,16.0,614,54.0,True,False,
PACE,biosnap,seed_8,target,base,0.9,0.1,0.2,test,fitted,169,16.0,17,5.0,152,11.0,True,False,
PACE,biosnap,seed_8,target,base,0.9,0.2,0.2,validation,cross_fitted,682,70.0,136,34.0,546,36.0,True,False,
PACE,biosnap,seed_8,target,base,0.9,0.2,0.2,test,fitted,169,16.0,34,6.0,135,10.0,True,False,
PACE,biosnap,seed_8,drug,base,0.8,0.1,0.2,validation,cross_fitted,820,102.0,82,24.0,738,78.0,True,False,
PACE,biosnap,seed_8,drug,base,0.8,0.1,0.2,test,fitted,200,25.0,20,5.0,180,20.0,True,False,
PACE,biosnap,seed_8,drug,base,0.8,0.2,0.2,validation,cross_fitted,820,102.0,164,38.0,656,64.0,True,False,
PACE,biosnap,seed_8,drug,base,0.8,0.2,0.2,test,fitted,200,25.0,40,12.0,160,13.0,True,False,
PACE,biosnap,seed_8,drug,base,0.9,0.1,0.2,validation,cross_fitted,682,70.0,68,16.0,614,54.0,True,False,
PACE,biosnap,seed_8,drug,base,0.9,0.1,0.2,test,fitted,169,16.0,17,5.0,152,11.0,True,False,
PACE,biosnap,seed_8,drug,base,0.9,0.2,0.2,validation,cross_fitted,682,70.0,136,35.0,546,35.0,True,False,
PACE,biosnap,seed_8,drug,base,0.9,0.2,0.2,test,fitted,169,16.0,34,6.0,135,10.0,True,False,
PACE,bindingdb,seed_4,target,base,0.8,0.1,0.2,validation,cross_fitted,916,180.0,92,20.0,824,160.0,True,False,
PACE,bindingdb,seed_4,target,base,0.8,0.1,0.2,test,fitted,215,41.0,22,5.0,193,36.0,True,False,
PACE,bindingdb,seed_4,target,base,0.8,0.2,0.2,validation,cross_fitted,916,180.0,183,40.0,733,140.0,True,False,
PACE,bindingdb,seed_4,target,base,0.8,0.2,0.2,test,fitted,215,41.0,43,10.0,172,31.0,True,False,
PACE,bindingdb,seed_4,target,base,0.9,0.1,0.2,validation,cross_fitted,424,60.0,42,1.0,382,59.0,True,False,
PACE,bindingdb,seed_4,target,base,0.9,0.1,0.2,test,fitted,94,15.0,9,2.0,85,13.0,True,False,
PACE,bindingdb,seed_4,target,base,0.9,0.2,0.2,validation,cross_fitted,424,60.0,85,6.0,339,54.0,True,False,
PACE,bindingdb,seed_4,target,base,0.9,0.2,0.2,test,fitted,94,15.0,19,5.0,75,10.0,True,False,
PACE,bindingdb,seed_4,drug,base,0.8,0.1,0.2,validation,cross_fitted,916,180.0,92,36.0,824,144.0,True,False,
PACE,bindingdb,seed_4,drug,base,0.8,0.1,0.2,test,fitted,215,41.0,22,5.0,193,36.0,True,False,
PACE,bindingdb,seed_4,drug,base,0.8,0.2,0.2,validation,cross_fitted,916,180.0,183,60.0,733,120.0,True,False,
PACE,bindingdb,seed_4,drug,base,0.8,0.2,0.2,test,fitted,215,41.0,43,10.0,172,31.0,True,False,
PACE,bindingdb,seed_4,drug,base,0.9,0.1,0.2,validation,cross_fitted,424,60.0,42,7.0,382,53.0,True,False,
PACE,bindingdb,seed_4,drug,base,0.9,0.1,0.2,test,fitted,94,15.0,9,2.0,85,13.0,True,False,
PACE,bindingdb,seed_4,drug,base,0.9,0.2,0.2,validation,cross_fitted,424,60.0,85,16.0,339,44.0,True,False,
PACE,bindingdb,seed_4,drug,base,0.9,0.2,0.2,test,fitted,94,15.0,19,5.0,75,10.0,True,False,
PACE,bindingdb,seed_5,target,base,0.8,0.1,0.2,validation,cross_fitted,736,141.0,74,15.0,662,126.0,True,False,
PACE,bindingdb,seed_5,target,base,0.8,0.1,0.2,test,fitted,187,37.0,19,2.0,168,35.0,True,False,
PACE,bindingdb,seed_5,target,base,0.8,0.2,0.2,validation,cross_fitted,736,141.0,147,28.0,589,113.0,True,False,
PACE,bindingdb,seed_5,target,base,0.8,0.2,0.2,test,fitted,187,37.0,37,4.0,150,33.0,True,False,
PACE,bindingdb,seed_5,target,base,0.9,0.1,0.2,validation,cross_fitted,165,21.0,16,0.0,149,21.0,True,False,
PACE,bindingdb,seed_5,target,base,0.9,0.1,0.2,test,fitted,38,3.0,4,1.0,34,2.0,True,True,residual_error_count_lt_10
PACE,bindingdb,seed_5,target,base,0.9,0.2,0.2,validation,cross_fitted,165,21.0,33,1.0,132,20.0,True,False,
PACE,bindingdb,seed_5,target,base,0.9,0.2,0.2,test,fitted,38,3.0,8,2.0,30,1.0,True,True,residual_error_count_lt_10
PACE,bindingdb,seed_5,drug,base,0.8,0.1,0.2,validation,cross_fitted,736,141.0,74,20.0,662,121.0,True,False,
PACE,bindingdb,seed_5,drug,base,0.8,0.1,0.2,test,fitted,187,37.0,19,2.0,168,35.0,True,False,
PACE,bindingdb,seed_5,drug,base,0.8,0.2,0.2,validation,cross_fitted,736,141.0,147,40.0,589,101.0,True,False,
PACE,bindingdb,seed_5,drug,base,0.8,0.2,0.2,test,fitted,187,37.0,37,4.0,150,33.0,True,False,
PACE,bindingdb,seed_5,drug,base,0.9,0.1,0.2,validation,cross_fitted,165,21.0,16,4.0,149,17.0,True,False,
PACE,bindingdb,seed_5,drug,base,0.9,0.1,0.2,test,fitted,38,3.0,4,1.0,34,2.0,True,True,residual_error_count_lt_10
PACE,bindingdb,seed_5,drug,base,0.9,0.2,0.2,validation,cross_fitted,165,21.0,33,8.0,132,13.0,True,False,
PACE,bindingdb,seed_5,drug,base,0.9,0.2,0.2,test,fitted,38,3.0,8,2.0,30,1.0,True,True,residual_error_count_lt_10
PACE,bindingdb,seed_6,target,base,0.8,0.1,0.2,validation,cross_fitted,227,31.0,23,3.0,204,28.0,True,False,
PACE,bindingdb,seed_6,target,base,0.8,0.1,0.2,test,fitted,53,6.0,5,0.0,48,6.0,True,True,residual_error_count_lt_10
PACE,bindingdb,seed_6,target,base,0.8,0.2,0.2,validation,cross_fitted,227,31.0,45,5.0,182,26.0,True,False,
PACE,bindingdb,seed_6,target,base,0.8,0.2,0.2,test,fitted,53,6.0,11,2.0,42,4.0,True,True,residual_error_count_lt_10
PACE,bindingdb,seed_6,target,base,0.9,0.1,0.2,validation,cross_fitted,23,1.0,2,0.0,21,1.0,True,True,residual_error_count_lt_10
PACE,bindingdb,seed_6,target,base,0.9,0.1,0.2,test,fitted,4,0.0,0,0.0,4,0.0,False,True,residual_error_count_lt_10
PACE,bindingdb,seed_6,target,base,0.9,0.2,0.2,validation,cross_fitted,23,1.0,5,0.0,18,1.0,True,True,residual_error_count_lt_10
PACE,bindingdb,seed_6,target,base,0.9,0.2,0.2,test,fitted,4,0.0,1,0.0,3,0.0,False,True,residual_error_count_lt_10
PACE,bindingdb,seed_6,drug,base,0.8,0.1,0.2,validation,cross_fitted,227,31.0,23,7.0,204,24.0,True,False,
PACE,bindingdb,seed_6,drug,base,0.8,0.1,0.2,test,fitted,53,6.0,5,0.0,48,6.0,True,True,residual_error_count_lt_10
PACE,bindingdb,seed_6,drug,base,0.8,0.2,0.2,validation,cross_fitted,227,31.0,45,10.0,182,21.0,True,False,
PACE,bindingdb,seed_6,drug,base,0.8,0.2,0.2,test,fitted,53,6.0,11,2.0,42,4.0,True,True,residual_error_count_lt_10
PACE,bindingdb,seed_6,drug,base,0.9,0.1,0.2,validation,cross_fitted,23,1.0,2,0.0,21,1.0,True,True,residual_error_count_lt_10
PACE,bindingdb,seed_6,drug,base,0.9,0.1,0.2,test,fitted,4,0.0,0,0.0,4,0.0,False,True,residual_error_count_lt_10
PACE,bindingdb,seed_6,drug,base,0.9,0.2,0.2,validation,cross_fitted,23,1.0,5,0.0,18,1.0,True,True,residual_error_count_lt_10
PACE,bindingdb,seed_6,drug,base,0.9,0.2,0.2,test,fitted,4,0.0,1,0.0,3,0.0,False,True,residual_error_count_lt_10
PACE,bindingdb,seed_7,target,base,0.8,0.1,0.2,validation,cross_fitted,327,63.0,33,8.0,294,55.0,True,False,
PACE,bindingdb,seed_7,target,base,0.8,0.1,0.2,test,fitted,76,19.0,8,3.0,68,16.0,True,False,
PACE,bindingdb,seed_7,target,base,0.8,0.2,0.2,validation,cross_fitted,327,63.0,65,12.0,262,51.0,True,False,
PACE,bindingdb,seed_7,target,base,0.8,0.2,0.2,test,fitted,76,19.0,15,6.0,61,13.0,True,False,
PACE,bindingdb,seed_7,target,base,0.9,0.1,0.2,validation,cross_fitted,66,4.0,7,0.0,59,4.0,True,True,residual_error_count_lt_10
PACE,bindingdb,seed_7,target,base,0.9,0.1,0.2,test,fitted,12,0.0,1,0.0,11,0.0,False,True,residual_error_count_lt_10
PACE,bindingdb,seed_7,target,base,0.9,0.2,0.2,validation,cross_fitted,66,4.0,13,0.0,53,4.0,True,True,residual_error_count_lt_10
PACE,bindingdb,seed_7,target,base,0.9,0.2,0.2,test,fitted,12,0.0,2,0.0,10,0.0,False,True,residual_error_count_lt_10
PACE,bindingdb,seed_7,drug,base,0.8,0.1,0.2,validation,cross_fitted,327,63.0,33,6.0,294,57.0,True,False,
PACE,bindingdb,seed_7,drug,base,0.8,0.1,0.2,test,fitted,76,19.0,8,3.0,68,16.0,True,False,
PACE,bindingdb,seed_7,drug,base,0.8,0.2,0.2,validation,cross_fitted,327,63.0,65,17.0,262,46.0,True,False,
PACE,bindingdb,seed_7,drug,base,0.8,0.2,0.2,test,fitted,76,19.0,15,6.0,61,13.0,True,False,
PACE,bindingdb,seed_7,drug,base,0.9,0.1,0.2,validation,cross_fitted,66,4.0,7,2.0,59,2.0,True,True,residual_error_count_lt_10
PACE,bindingdb,seed_7,drug,base,0.9,0.1,0.2,test,fitted,12,0.0,1,0.0,11,0.0,False,True,residual_error_count_lt_10
PACE,bindingdb,seed_7,drug,base,0.9,0.2,0.2,validation,cross_fitted,66,4.0,13,2.0,53,2.0,True,True,residual_error_count_lt_10
PACE,bindingdb,seed_7,drug,base,0.9,0.2,0.2,test,fitted,12,0.0,2,0.0,10,0.0,False,True,residual_error_count_lt_10
PACE,bindingdb,seed_8,target,base,0.8,0.1,0.2,validation,cross_fitted,746,162.0,75,20.0,671,142.0,True,False,
PACE,bindingdb,seed_8,target,base,0.8,0.1,0.2,test,fitted,185,40.0,18,3.0,167,37.0,True,False,
PACE,bindingdb,seed_8,target,base,0.8,0.2,0.2,validation,cross_fitted,746,162.0,149,37.0,597,125.0,True,False,
PACE,bindingdb,seed_8,target,base,0.8,0.2,0.2,test,fitted,185,40.0,37,12.0,148,28.0,True,False,
PACE,bindingdb,seed_8,target,base,0.9,0.1,0.2,validation,cross_fitted,195,24.0,20,1.0,175,23.0,True,False,
PACE,bindingdb,seed_8,target,base,0.9,0.1,0.2,test,fitted,42,5.0,4,2.0,38,3.0,True,True,residual_error_count_lt_10
PACE,bindingdb,seed_8,target,base,0.9,0.2,0.2,validation,cross_fitted,195,24.0,39,3.0,156,21.0,True,False,
PACE,bindingdb,seed_8,target,base,0.9,0.2,0.2,test,fitted,42,5.0,8,3.0,34,2.0,True,True,residual_error_count_lt_10
PACE,bindingdb,seed_8,drug,base,0.8,0.1,0.2,validation,cross_fitted,746,162.0,75,27.0,671,135.0,True,False,
PACE,bindingdb,seed_8,drug,base,0.8,0.1,0.2,test,fitted,185,40.0,18,3.0,167,37.0,True,False,
PACE,bindingdb,seed_8,drug,base,0.8,0.2,0.2,validation,cross_fitted,746,162.0,149,46.0,597,116.0,True,False,
PACE,bindingdb,seed_8,drug,base,0.8,0.2,0.2,test,fitted,185,40.0,37,12.0,148,28.0,True,False,
PACE,bindingdb,seed_8,drug,base,0.9,0.1,0.2,validation,cross_fitted,195,24.0,20,3.0,175,21.0,True,False,
PACE,bindingdb,seed_8,drug,base,0.9,0.1,0.2,test,fitted,42,5.0,4,2.0,38,3.0,True,True,residual_error_count_lt_10
PACE,bindingdb,seed_8,drug,base,0.9,0.2,0.2,validation,cross_fitted,195,24.0,39,6.0,156,18.0,True,False,
PACE,bindingdb,seed_8,drug,base,0.9,0.2,0.2,test,fitted,42,5.0,8,3.0,34,2.0,True,True,residual_error_count_lt_10
PACE,human,seed_4,target,base,0.8,0.1,0.2,validation,cross_fitted,49,7.0,5,2.0,44,5.0,True,True,residual_error_count_lt_10
PACE,human,seed_4,target,base,0.8,0.1,0.2,test,fitted,95,20.0,10,3.0,85,17.0,True,False,
PACE,human,seed_4,target,base,0.8,0.2,0.2,validation,cross_fitted,49,7.0,10,3.0,39,4.0,True,True,residual_error_count_lt_10
PACE,human,seed_4,target,base,0.8,0.2,0.2,test,fitted,95,20.0,19,7.0,76,13.0,True,False,
PACE,human,seed_4,target,base,0.9,0.1,0.2,validation,cross_fitted,47,6.0,5,2.0,42,4.0,True,True,residual_error_count_lt_10
PACE,human,seed_4,target,base,0.9,0.1,0.2,test,fitted,91,19.0,9,2.0,82,17.0,True,False,
PACE,human,seed_4,target,base,0.9,0.2,0.2,validation,cross_fitted,47,6.0,9,2.0,38,4.0,True,True,residual_error_count_lt_10
PACE,human,seed_4,target,base,0.9,0.2,0.2,test,fitted,91,19.0,18,8.0,73,11.0,True,False,
PACE,human,seed_4,drug,base,0.8,0.1,0.2,validation,cross_fitted,49,7.0,5,2.0,44,5.0,True,True,residual_error_count_lt_10
PACE,human,seed_4,drug,base,0.8,0.1,0.2,test,fitted,95,20.0,10,3.0,85,17.0,True,False,
PACE,human,seed_4,drug,base,0.8,0.2,0.2,validation,cross_fitted,49,7.0,10,4.0,39,3.0,True,True,residual_error_count_lt_10
PACE,human,seed_4,drug,base,0.8,0.2,0.2,test,fitted,95,20.0,19,7.0,76,13.0,True,False,
PACE,human,seed_4,drug,base,0.9,0.1,0.2,validation,cross_fitted,47,6.0,5,3.0,42,3.0,True,True,residual_error_count_lt_10
PACE,human,seed_4,drug,base,0.9,0.1,0.2,test,fitted,91,19.0,9,2.0,82,17.0,True,False,
PACE,human,seed_4,drug,base,0.9,0.2,0.2,validation,cross_fitted,47,6.0,9,4.0,38,2.0,True,True,residual_error_count_lt_10
PACE,human,seed_4,drug,base,0.9,0.2,0.2,test,fitted,91,19.0,18,8.0,73,11.0,True,False,
PACE,human,seed_5,target,base,0.8,0.1,0.2,validation,cross_fitted,52,10.0,5,3.0,47,7.0,True,True,residual_error_count_lt_10
PACE,human,seed_5,target,base,0.8,0.1,0.2,test,fitted,96,20.0,10,5.0,86,15.0,True,False,
PACE,human,seed_5,target,base,0.8,0.2,0.2,validation,cross_fitted,52,10.0,10,4.0,42,6.0,True,True,residual_error_count_lt_10
PACE,human,seed_5,target,base,0.8,0.2,0.2,test,fitted,96,20.0,19,8.0,77,12.0,True,False,
PACE,human,seed_5,target,base,0.9,0.1,0.2,validation,cross_fitted,51,9.0,5,2.0,46,7.0,True,True,residual_error_count_lt_10
PACE,human,seed_5,target,base,0.9,0.1,0.2,test,fitted,96,20.0,10,5.0,86,15.0,True,False,
PACE,human,seed_5,target,base,0.9,0.2,0.2,validation,cross_fitted,51,9.0,10,3.0,41,6.0,True,True,residual_error_count_lt_10
PACE,human,seed_5,target,base,0.9,0.2,0.2,test,fitted,96,20.0,19,8.0,77,12.0,True,False,
PACE,human,seed_5,drug,base,0.8,0.1,0.2,validation,cross_fitted,52,10.0,5,3.0,47,7.0,True,True,residual_error_count_lt_10
PACE,human,seed_5,drug,base,0.8,0.1,0.2,test,fitted,96,20.0,10,5.0,86,15.0,True,False,
PACE,human,seed_5,drug,base,0.8,0.2,0.2,validation,cross_fitted,52,10.0,10,5.0,42,5.0,True,True,residual_error_count_lt_10
PACE,human,seed_5,drug,base,0.8,0.2,0.2,test,fitted,96,20.0,19,8.0,77,12.0,True,False,
PACE,human,seed_5,drug,base,0.9,0.1,0.2,validation,cross_fitted,51,9.0,5,2.0,46,7.0,True,True,residual_error_count_lt_10
PACE,human,seed_5,drug,base,0.9,0.1,0.2,test,fitted,96,20.0,10,5.0,86,15.0,True,False,
PACE,human,seed_5,drug,base,0.9,0.2,0.2,validation,cross_fitted,51,9.0,10,4.0,41,5.0,True,True,residual_error_count_lt_10
PACE,human,seed_5,drug,base,0.9,0.2,0.2,test,fitted,96,20.0,19,8.0,77,12.0,True,False,
PACE,human,seed_6,target,base,0.8,0.1,0.2,validation,cross_fitted,45,4.0,4,1.0,41,3.0,True,True,residual_error_count_lt_10
PACE,human,seed_6,target,base,0.8,0.1,0.2,test,fitted,85,17.0,8,4.0,77,13.0,True,False,
PACE,human,seed_6,target,base,0.8,0.2,0.2,validation,cross_fitted,45,4.0,9,2.0,36,2.0,True,True,residual_error_count_lt_10
PACE,human,seed_6,target,base,0.8,0.2,0.2,test,fitted,85,17.0,17,9.0,68,8.0,True,True,residual_error_count_lt_10
PACE,human,seed_6,target,base,0.9,0.1,0.2,validation,cross_fitted,42,3.0,4,1.0,38,2.0,True,True,residual_error_count_lt_10
PACE,human,seed_6,target,base,0.9,0.1,0.2,test,fitted,81,16.0,8,5.0,73,11.0,True,False,
PACE,human,seed_6,target,base,0.9,0.2,0.2,validation,cross_fitted,42,3.0,8,2.0,34,1.0,True,True,residual_error_count_lt_10
PACE,human,seed_6,target,base,0.9,0.2,0.2,test,fitted,81,16.0,16,10.0,65,6.0,True,True,residual_error_count_lt_10
PACE,human,seed_6,drug,base,0.8,0.1,0.2,validation,cross_fitted,45,4.0,4,2.0,41,2.0,True,True,residual_error_count_lt_10
PACE,human,seed_6,drug,base,0.8,0.1,0.2,test,fitted,85,17.0,8,4.0,77,13.0,True,False,
PACE,human,seed_6,drug,base,0.8,0.2,0.2,validation,cross_fitted,45,4.0,9,4.0,36,0.0,False,True,residual_error_count_lt_10
PACE,human,seed_6,drug,base,0.8,0.2,0.2,test,fitted,85,17.0,17,9.0,68,8.0,True,True,residual_error_count_lt_10
PACE,human,seed_6,drug,base,0.9,0.1,0.2,validation,cross_fitted,42,3.0,4,3.0,38,0.0,False,True,residual_error_count_lt_10
PACE,human,seed_6,drug,base,0.9,0.1,0.2,test,fitted,81,16.0,8,5.0,73,11.0,True,False,
PACE,human,seed_6,drug,base,0.9,0.2,0.2,validation,cross_fitted,42,3.0,8,3.0,34,0.0,False,True,residual_error_count_lt_10
PACE,human,seed_6,drug,base,0.9,0.2,0.2,test,fitted,81,16.0,16,10.0,65,6.0,True,True,residual_error_count_lt_10
PACE,human,seed_7,target,base,0.8,0.1,0.2,validation,cross_fitted,48,6.0,5,2.0,43,4.0,True,True,residual_error_count_lt_10
PACE,human,seed_7,target,base,0.8,0.1,0.2,test,fitted,91,16.0,9,4.0,82,12.0,True,False,
PACE,human,seed_7,target,base,0.8,0.2,0.2,validation,cross_fitted,48,6.0,10,4.0,38,2.0,True,True,residual_error_count_lt_10
PACE,human,seed_7,target,base,0.8,0.2,0.2,test,fitted,91,16.0,18,7.0,73,9.0,True,True,residual_error_count_lt_10
PACE,human,seed_7,target,base,0.9,0.1,0.2,validation,cross_fitted,46,5.0,5,1.0,41,4.0,True,True,residual_error_count_lt_10
PACE,human,seed_7,target,base,0.9,0.1,0.2,test,fitted,85,14.0,8,3.0,77,11.0,True,False,
PACE,human,seed_7,target,base,0.9,0.2,0.2,validation,cross_fitted,46,5.0,9,3.0,37,2.0,True,True,residual_error_count_lt_10
PACE,human,seed_7,target,base,0.9,0.2,0.2,test,fitted,85,14.0,17,9.0,68,5.0,True,True,residual_error_count_lt_10
PACE,human,seed_7,drug,base,0.8,0.1,0.2,validation,cross_fitted,48,6.0,5,3.0,43,3.0,True,True,residual_error_count_lt_10
PACE,human,seed_7,drug,base,0.8,0.1,0.2,test,fitted,91,16.0,9,4.0,82,12.0,True,False,
PACE,human,seed_7,drug,base,0.8,0.2,0.2,validation,cross_fitted,48,6.0,10,4.0,38,2.0,True,True,residual_error_count_lt_10
PACE,human,seed_7,drug,base,0.8,0.2,0.2,test,fitted,91,16.0,18,7.0,73,9.0,True,True,residual_error_count_lt_10
PACE,human,seed_7,drug,base,0.9,0.1,0.2,validation,cross_fitted,46,5.0,5,3.0,41,2.0,True,True,residual_error_count_lt_10
PACE,human,seed_7,drug,base,0.9,0.1,0.2,test,fitted,85,14.0,8,3.0,77,11.0,True,False,
PACE,human,seed_7,drug,base,0.9,0.2,0.2,validation,cross_fitted,46,5.0,9,4.0,37,1.0,True,True,residual_error_count_lt_10
PACE,human,seed_7,drug,base,0.9,0.2,0.2,test,fitted,85,14.0,17,9.0,68,5.0,True,True,residual_error_count_lt_10
PACE,human,seed_8,target,base,0.8,0.1,0.2,validation,cross_fitted,53,7.0,5,1.0,48,6.0,True,True,residual_error_count_lt_10
PACE,human,seed_8,target,base,0.8,0.1,0.2,test,fitted,95,17.0,10,5.0,85,12.0,True,False,
PACE,human,seed_8,target,base,0.8,0.2,0.2,validation,cross_fitted,53,7.0,11,1.0,42,6.0,True,True,residual_error_count_lt_10
PACE,human,seed_8,target,base,0.8,0.2,0.2,test,fitted,95,17.0,19,8.0,76,9.0,True,True,residual_error_count_lt_10
PACE,human,seed_8,target,base,0.9,0.1,0.2,validation,cross_fitted,53,7.0,5,1.0,48,6.0,True,True,residual_error_count_lt_10
PACE,human,seed_8,target,base,0.9,0.1,0.2,test,fitted,93,15.0,9,4.0,84,11.0,True,False,
PACE,human,seed_8,target,base,0.9,0.2,0.2,validation,cross_fitted,53,7.0,11,1.0,42,6.0,True,True,residual_error_count_lt_10
PACE,human,seed_8,target,base,0.9,0.2,0.2,test,fitted,93,15.0,19,7.0,74,8.0,True,True,residual_error_count_lt_10
PACE,human,seed_8,drug,base,0.8,0.1,0.2,validation,cross_fitted,53,7.0,5,0.0,48,7.0,True,True,residual_error_count_lt_10
PACE,human,seed_8,drug,base,0.8,0.1,0.2,test,fitted,95,17.0,10,5.0,85,12.0,True,False,
PACE,human,seed_8,drug,base,0.8,0.2,0.2,validation,cross_fitted,53,7.0,11,0.0,42,7.0,True,True,residual_error_count_lt_10
PACE,human,seed_8,drug,base,0.8,0.2,0.2,test,fitted,95,17.0,19,8.0,76,9.0,True,True,residual_error_count_lt_10
PACE,human,seed_8,drug,base,0.9,0.1,0.2,validation,cross_fitted,53,7.0,5,0.0,48,7.0,True,True,residual_error_count_lt_10
PACE,human,seed_8,drug,base,0.9,0.1,0.2,test,fitted,93,15.0,9,4.0,84,11.0,True,False,
PACE,human,seed_8,drug,base,0.9,0.2,0.2,validation,cross_fitted,53,7.0,11,0.0,42,7.0,True,True,residual_error_count_lt_10
PACE,human,seed_8,drug,base,0.9,0.2,0.2,test,fitted,93,15.0,19,7.0,74,8.0,True,True,residual_error_count_lt_10
TAPB,biosnap,seed_4,target,base,0.8,0.1,0.2,validation,cross_fitted,812,107.0,81,24.0,731,83.0,True,False,
TAPB,biosnap,seed_4,target,base,0.8,0.1,0.2,test,fitted,224,27.0,22,4.0,202,23.0,True,False,
TAPB,biosnap,seed_4,target,base,0.8,0.2,0.2,validation,cross_fitted,812,107.0,162,40.0,650,67.0,True,False,
TAPB,biosnap,seed_4,target,base,0.8,0.2,0.2,test,fitted,224,27.0,45,8.0,179,19.0,True,False,
TAPB,biosnap,seed_4,target,base,0.9,0.1,0.2,validation,cross_fitted,667,69.0,67,14.0,600,55.0,True,False,
TAPB,biosnap,seed_4,target,base,0.9,0.1,0.2,test,fitted,185,20.0,18,4.0,167,16.0,True,False,
TAPB,biosnap,seed_4,target,base,0.9,0.2,0.2,validation,cross_fitted,667,69.0,133,25.0,534,44.0,True,False,
TAPB,biosnap,seed_4,target,base,0.9,0.2,0.2,test,fitted,185,20.0,37,9.0,148,11.0,True,False,
TAPB,biosnap,seed_4,drug,base,0.8,0.1,0.2,validation,cross_fitted,812,107.0,81,23.0,731,84.0,True,False,
TAPB,biosnap,seed_4,drug,base,0.8,0.1,0.2,test,fitted,224,27.0,22,4.0,202,23.0,True,False,
TAPB,biosnap,seed_4,drug,base,0.8,0.2,0.2,validation,cross_fitted,812,107.0,162,39.0,650,68.0,True,False,
TAPB,biosnap,seed_4,drug,base,0.8,0.2,0.2,test,fitted,224,27.0,45,8.0,179,19.0,True,False,
TAPB,biosnap,seed_4,drug,base,0.9,0.1,0.2,validation,cross_fitted,667,69.0,67,12.0,600,57.0,True,False,
TAPB,biosnap,seed_4,drug,base,0.9,0.1,0.2,test,fitted,185,20.0,18,4.0,167,16.0,True,False,
TAPB,biosnap,seed_4,drug,base,0.9,0.2,0.2,validation,cross_fitted,667,69.0,133,26.0,534,43.0,True,False,
TAPB,biosnap,seed_4,drug,base,0.9,0.2,0.2,test,fitted,185,20.0,37,9.0,148,11.0,True,False,
TAPB,biosnap,seed_5,target,base,0.8,0.1,0.2,validation,cross_fitted,490,43.0,49,7.0,441,36.0,True,False,
TAPB,biosnap,seed_5,target,base,0.8,0.1,0.2,test,fitted,128,11.0,13,3.0,115,8.0,True,True,residual_error_count_lt_10
TAPB,biosnap,seed_5,target,base,0.8,0.2,0.2,validation,cross_fitted,490,43.0,98,14.0,392,29.0,True,False,
TAPB,biosnap,seed_5,target,base,0.8,0.2,0.2,test,fitted,128,11.0,26,3.0,102,8.0,True,True,residual_error_count_lt_10
TAPB,biosnap,seed_5,target,base,0.9,0.1,0.2,validation,cross_fitted,348,25.0,35,3.0,313,22.0,True,False,
TAPB,biosnap,seed_5,target,base,0.9,0.1,0.2,test,fitted,100,8.0,10,1.0,90,7.0,True,True,residual_error_count_lt_10
TAPB,biosnap,seed_5,target,base,0.9,0.2,0.2,validation,cross_fitted,348,25.0,70,9.0,278,16.0,True,False,
TAPB,biosnap,seed_5,target,base,0.9,0.2,0.2,test,fitted,100,8.0,20,2.0,80,6.0,True,True,residual_error_count_lt_10
TAPB,biosnap,seed_5,drug,base,0.8,0.1,0.2,validation,cross_fitted,490,43.0,49,9.0,441,34.0,True,False,
TAPB,biosnap,seed_5,drug,base,0.8,0.1,0.2,test,fitted,128,11.0,13,3.0,115,8.0,True,True,residual_error_count_lt_10
TAPB,biosnap,seed_5,drug,base,0.8,0.2,0.2,validation,cross_fitted,490,43.0,98,14.0,392,29.0,True,False,
TAPB,biosnap,seed_5,drug,base,0.8,0.2,0.2,test,fitted,128,11.0,26,3.0,102,8.0,True,True,residual_error_count_lt_10
TAPB,biosnap,seed_5,drug,base,0.9,0.1,0.2,validation,cross_fitted,348,25.0,35,3.0,313,22.0,True,False,
TAPB,biosnap,seed_5,drug,base,0.9,0.1,0.2,test,fitted,100,8.0,10,1.0,90,7.0,True,True,residual_error_count_lt_10
TAPB,biosnap,seed_5,drug,base,0.9,0.2,0.2,validation,cross_fitted,348,25.0,70,7.0,278,18.0,True,False,
TAPB,biosnap,seed_5,drug,base,0.9,0.2,0.2,test,fitted,100,8.0,20,2.0,80,6.0,True,True,residual_error_count_lt_10
TAPB,biosnap,seed_6,target,base,0.8,0.1,0.2,validation,cross_fitted,489,48.0,49,12.0,440,36.0,True,False,
TAPB,biosnap,seed_6,target,base,0.8,0.1,0.2,test,fitted,134,9.0,13,3.0,121,6.0,True,True,residual_error_count_lt_10
TAPB,biosnap,seed_6,target,base,0.8,0.2,0.2,validation,cross_fitted,489,48.0,98,24.0,391,24.0,True,False,
TAPB,biosnap,seed_6,target,base,0.8,0.2,0.2,test,fitted,134,9.0,27,4.0,107,5.0,True,True,residual_error_count_lt_10
TAPB,biosnap,seed_6,target,base,0.9,0.1,0.2,validation,cross_fitted,371,17.0,37,5.0,334,12.0,True,False,
TAPB,biosnap,seed_6,target,base,0.9,0.1,0.2,test,fitted,103,5.0,10,0.0,93,5.0,True,True,residual_error_count_lt_10
TAPB,biosnap,seed_6,target,base,0.9,0.2,0.2,validation,cross_fitted,371,17.0,74,6.0,297,11.0,True,False,
TAPB,biosnap,seed_6,target,base,0.9,0.2,0.2,test,fitted,103,5.0,21,2.0,82,3.0,True,True,residual_error_count_lt_10
TAPB,biosnap,seed_6,drug,base,0.8,0.1,0.2,validation,cross_fitted,489,48.0,49,13.0,440,35.0,True,False,
TAPB,biosnap,seed_6,drug,base,0.8,0.1,0.2,test,fitted,134,9.0,13,3.0,121,6.0,True,True,residual_error_count_lt_10
TAPB,biosnap,seed_6,drug,base,0.8,0.2,0.2,validation,cross_fitted,489,48.0,98,25.0,391,23.0,True,False,
TAPB,biosnap,seed_6,drug,base,0.8,0.2,0.2,test,fitted,134,9.0,27,4.0,107,5.0,True,True,residual_error_count_lt_10
TAPB,biosnap,seed_6,drug,base,0.9,0.1,0.2,validation,cross_fitted,371,17.0,37,4.0,334,13.0,True,False,
TAPB,biosnap,seed_6,drug,base,0.9,0.1,0.2,test,fitted,103,5.0,10,0.0,93,5.0,True,True,residual_error_count_lt_10
TAPB,biosnap,seed_6,drug,base,0.9,0.2,0.2,validation,cross_fitted,371,17.0,74,6.0,297,11.0,True,False,
TAPB,biosnap,seed_6,drug,base,0.9,0.2,0.2,test,fitted,103,5.0,21,2.0,82,3.0,True,True,residual_error_count_lt_10
TAPB,biosnap,seed_7,target,base,0.8,0.1,0.2,validation,cross_fitted,954,161.0,95,32.0,859,129.0,True,False,
TAPB,biosnap,seed_7,target,base,0.8,0.1,0.2,test,fitted,243,34.0,24,7.0,219,27.0,True,False,
TAPB,biosnap,seed_7,target,base,0.8,0.2,0.2,validation,cross_fitted,954,161.0,191,62.0,763,99.0,True,False,
TAPB,biosnap,seed_7,target,base,0.8,0.2,0.2,test,fitted,243,34.0,49,18.0,194,16.0,True,False,
TAPB,biosnap,seed_7,target,base,0.9,0.1,0.2,validation,cross_fitted,869,135.0,87,29.0,782,106.0,True,False,
TAPB,biosnap,seed_7,target,base,0.9,0.1,0.2,test,fitted,225,28.0,22,8.0,203,20.0,True,False,
TAPB,biosnap,seed_7,target,base,0.9,0.2,0.2,validation,cross_fitted,869,135.0,174,55.0,695,80.0,True,False,
TAPB,biosnap,seed_7,target,base,0.9,0.2,0.2,test,fitted,225,28.0,45,15.0,180,13.0,True,False,
TAPB,biosnap,seed_7,drug,base,0.8,0.1,0.2,validation,cross_fitted,954,161.0,95,32.0,859,129.0,True,False,
TAPB,biosnap,seed_7,drug,base,0.8,0.1,0.2,test,fitted,243,34.0,24,7.0,219,27.0,True,False,
TAPB,biosnap,seed_7,drug,base,0.8,0.2,0.2,validation,cross_fitted,954,161.0,191,60.0,763,101.0,True,False,
TAPB,biosnap,seed_7,drug,base,0.8,0.2,0.2,test,fitted,243,34.0,49,18.0,194,16.0,True,False,
TAPB,biosnap,seed_7,drug,base,0.9,0.1,0.2,validation,cross_fitted,869,135.0,87,26.0,782,109.0,True,False,
TAPB,biosnap,seed_7,drug,base,0.9,0.1,0.2,test,fitted,225,28.0,22,8.0,203,20.0,True,False,
TAPB,biosnap,seed_7,drug,base,0.9,0.2,0.2,validation,cross_fitted,869,135.0,174,56.0,695,79.0,True,False,
TAPB,biosnap,seed_7,drug,base,0.9,0.2,0.2,test,fitted,225,28.0,45,15.0,180,13.0,True,False,
TAPB,biosnap,seed_8,target,base,0.8,0.1,0.2,validation,cross_fitted,642,65.0,64,11.0,578,54.0,True,False,
TAPB,biosnap,seed_8,target,base,0.8,0.1,0.2,test,fitted,169,24.0,17,5.0,152,19.0,True,False,
TAPB,biosnap,seed_8,target,base,0.8,0.2,0.2,validation,cross_fitted,642,65.0,128,23.0,514,42.0,True,False,
TAPB,biosnap,seed_8,target,base,0.8,0.2,0.2,test,fitted,169,24.0,34,11.0,135,13.0,True,False,
TAPB,biosnap,seed_8,target,base,0.9,0.1,0.2,validation,cross_fitted,501,40.0,50,4.0,451,36.0,True,False,
TAPB,biosnap,seed_8,target,base,0.9,0.1,0.2,test,fitted,139,15.0,14,4.0,125,11.0,True,False,
TAPB,biosnap,seed_8,target,base,0.9,0.2,0.2,validation,cross_fitted,501,40.0,100,13.0,401,27.0,True,False,
TAPB,biosnap,seed_8,target,base,0.9,0.2,0.2,test,fitted,139,15.0,28,5.0,111,10.0,True,False,
TAPB,biosnap,seed_8,drug,base,0.8,0.1,0.2,validation,cross_fitted,642,65.0,64,10.0,578,55.0,True,False,
TAPB,biosnap,seed_8,drug,base,0.8,0.1,0.2,test,fitted,169,24.0,17,5.0,152,19.0,True,False,
TAPB,biosnap,seed_8,drug,base,0.8,0.2,0.2,validation,cross_fitted,642,65.0,128,23.0,514,42.0,True,False,
TAPB,biosnap,seed_8,drug,base,0.8,0.2,0.2,test,fitted,169,24.0,34,11.0,135,13.0,True,False,
TAPB,biosnap,seed_8,drug,base,0.9,0.1,0.2,validation,cross_fitted,501,40.0,50,6.0,451,34.0,True,False,
TAPB,biosnap,seed_8,drug,base,0.9,0.1,0.2,test,fitted,139,15.0,14,4.0,125,11.0,True,False,
TAPB,biosnap,seed_8,drug,base,0.9,0.2,0.2,validation,cross_fitted,501,40.0,100,14.0,401,26.0,True,False,
TAPB,biosnap,seed_8,drug,base,0.9,0.2,0.2,test,fitted,139,15.0,28,5.0,111,10.0,True,False,
TAPB,bindingdb,seed_4,target,base,0.8,0.1,0.2,validation,cross_fitted,14,5.0,1,0.0,13,5.0,True,True,residual_error_count_lt_10
TAPB,bindingdb,seed_4,target,base,0.8,0.1,0.2,test,fitted,3,0.0,0,0.0,3,0.0,False,True,residual_error_count_lt_10
TAPB,bindingdb,seed_4,target,base,0.8,0.2,0.2,validation,cross_fitted,14,5.0,3,0.0,11,5.0,True,True,residual_error_count_lt_10
TAPB,bindingdb,seed_4,target,base,0.8,0.2,0.2,test,fitted,3,0.0,1,0.0,2,0.0,False,True,residual_error_count_lt_10
TAPB,bindingdb,seed_4,target,base,0.9,0.1,0.2,validation,cross_fitted,0,0.0,0,0.0,0,0.0,False,True,residual_error_count_lt_10
TAPB,bindingdb,seed_4,target,base,0.9,0.1,0.2,test,fitted,0,0.0,0,0.0,0,0.0,False,True,residual_error_count_lt_10
TAPB,bindingdb,seed_4,target,base,0.9,0.2,0.2,validation,cross_fitted,0,0.0,0,0.0,0,0.0,False,True,residual_error_count_lt_10
TAPB,bindingdb,seed_4,target,base,0.9,0.2,0.2,test,fitted,0,0.0,0,0.0,0,0.0,False,True,residual_error_count_lt_10
TAPB,bindingdb,seed_4,drug,base,0.8,0.1,0.2,validation,cross_fitted,14,5.0,1,0.0,13,5.0,True,True,residual_error_count_lt_10
TAPB,bindingdb,seed_4,drug,base,0.8,0.1,0.2,test,fitted,3,0.0,0,0.0,3,0.0,False,True,residual_error_count_lt_10
TAPB,bindingdb,seed_4,drug,base,0.8,0.2,0.2,validation,cross_fitted,14,5.0,3,1.0,11,4.0,True,True,residual_error_count_lt_10
TAPB,bindingdb,seed_4,drug,base,0.8,0.2,0.2,test,fitted,3,0.0,1,0.0,2,0.0,False,True,residual_error_count_lt_10
TAPB,bindingdb,seed_4,drug,base,0.9,0.1,0.2,validation,cross_fitted,0,0.0,0,0.0,0,0.0,False,True,residual_error_count_lt_10
TAPB,bindingdb,seed_4,drug,base,0.9,0.1,0.2,test,fitted,0,0.0,0,0.0,0,0.0,False,True,residual_error_count_lt_10
TAPB,bindingdb,seed_4,drug,base,0.9,0.2,0.2,validation,cross_fitted,0,0.0,0,0.0,0,0.0,False,True,residual_error_count_lt_10
TAPB,bindingdb,seed_4,drug,base,0.9,0.2,0.2,test,fitted,0,0.0,0,0.0,0,0.0,False,True,residual_error_count_lt_10
TAPB,bindingdb,seed_5,target,base,0.8,0.1,0.2,validation,cross_fitted,836,296.0,84,22.0,752,274.0,True,False,
TAPB,bindingdb,seed_5,target,base,0.8,0.1,0.2,test,fitted,215,80.0,22,8.0,193,72.0,True,False,
TAPB,bindingdb,seed_5,target,base,0.8,0.2,0.2,validation,cross_fitted,836,296.0,167,49.0,669,247.0,True,False,
TAPB,bindingdb,seed_5,target,base,0.8,0.2,0.2,test,fitted,215,80.0,43,21.0,172,59.0,True,False,
TAPB,bindingdb,seed_5,target,base,0.9,0.1,0.2,validation,cross_fitted,573,190.0,57,14.0,516,176.0,True,False,
TAPB,bindingdb,seed_5,target,base,0.9,0.1,0.2,test,fitted,139,46.0,14,6.0,125,40.0,True,False,
TAPB,bindingdb,seed_5,target,base,0.9,0.2,0.2,validation,cross_fitted,573,190.0,115,25.0,458,165.0,True,False,
TAPB,bindingdb,seed_5,target,base,0.9,0.2,0.2,test,fitted,139,46.0,28,10.0,111,36.0,True,False,
TAPB,bindingdb,seed_5,drug,base,0.8,0.1,0.2,validation,cross_fitted,836,296.0,84,41.0,752,255.0,True,False,
TAPB,bindingdb,seed_5,drug,base,0.8,0.1,0.2,test,fitted,215,80.0,22,8.0,193,72.0,True,False,
TAPB,bindingdb,seed_5,drug,base,0.8,0.2,0.2,validation,cross_fitted,836,296.0,167,72.0,669,224.0,True,False,
TAPB,bindingdb,seed_5,drug,base,0.8,0.2,0.2,test,fitted,215,80.0,43,21.0,172,59.0,True,False,
TAPB,bindingdb,seed_5,drug,base,0.9,0.1,0.2,validation,cross_fitted,573,190.0,57,23.0,516,167.0,True,False,
TAPB,bindingdb,seed_5,drug,base,0.9,0.1,0.2,test,fitted,139,46.0,14,6.0,125,40.0,True,False,
TAPB,bindingdb,seed_5,drug,base,0.9,0.2,0.2,validation,cross_fitted,573,190.0,115,46.0,458,144.0,True,False,
TAPB,bindingdb,seed_5,drug,base,0.9,0.2,0.2,test,fitted,139,46.0,28,10.0,111,36.0,True,False,
TAPB,bindingdb,seed_6,target,base,0.8,0.1,0.2,validation,cross_fitted,0,0.0,0,0.0,0,0.0,False,True,residual_error_count_lt_10
TAPB,bindingdb,seed_6,target,base,0.8,0.1,0.2,test,fitted,0,0.0,0,0.0,0,0.0,False,True,residual_error_count_lt_10
TAPB,bindingdb,seed_6,target,base,0.8,0.2,0.2,validation,cross_fitted,0,0.0,0,0.0,0,0.0,False,True,residual_error_count_lt_10
TAPB,bindingdb,seed_6,target,base,0.8,0.2,0.2,test,fitted,0,0.0,0,0.0,0,0.0,False,True,residual_error_count_lt_10
TAPB,bindingdb,seed_6,target,base,0.9,0.1,0.2,validation,cross_fitted,0,0.0,0,0.0,0,0.0,False,True,residual_error_count_lt_10
TAPB,bindingdb,seed_6,target,base,0.9,0.1,0.2,test,fitted,0,0.0,0,0.0,0,0.0,False,True,residual_error_count_lt_10
TAPB,bindingdb,seed_6,target,base,0.9,0.2,0.2,validation,cross_fitted,0,0.0,0,0.0,0,0.0,False,True,residual_error_count_lt_10
TAPB,bindingdb,seed_6,target,base,0.9,0.2,0.2,test,fitted,0,0.0,0,0.0,0,0.0,False,True,residual_error_count_lt_10
TAPB,bindingdb,seed_6,drug,base,0.8,0.1,0.2,validation,cross_fitted,0,0.0,0,0.0,0,0.0,False,True,residual_error_count_lt_10
TAPB,bindingdb,seed_6,drug,base,0.8,0.1,0.2,test,fitted,0,0.0,0,0.0,0,0.0,False,True,residual_error_count_lt_10
TAPB,bindingdb,seed_6,drug,base,0.8,0.2,0.2,validation,cross_fitted,0,0.0,0,0.0,0,0.0,False,True,residual_error_count_lt_10
TAPB,bindingdb,seed_6,drug,base,0.8,0.2,0.2,test,fitted,0,0.0,0,0.0,0,0.0,False,True,residual_error_count_lt_10
TAPB,bindingdb,seed_6,drug,base,0.9,0.1,0.2,validation,cross_fitted,0,0.0,0,0.0,0,0.0,False,True,residual_error_count_lt_10
TAPB,bindingdb,seed_6,drug,base,0.9,0.1,0.2,test,fitted,0,0.0,0,0.0,0,0.0,False,True,residual_error_count_lt_10
TAPB,bindingdb,seed_6,drug,base,0.9,0.2,0.2,validation,cross_fitted,0,0.0,0,0.0,0,0.0,False,True,residual_error_count_lt_10
TAPB,bindingdb,seed_6,drug,base,0.9,0.2,0.2,test,fitted,0,0.0,0,0.0,0,0.0,False,True,residual_error_count_lt_10
TAPB,bindingdb,seed_7,target,base,0.8,0.1,0.2,validation,cross_fitted,744,197.0,74,27.0,670,170.0,True,False,
TAPB,bindingdb,seed_7,target,base,0.8,0.1,0.2,test,fitted,183,50.0,18,8.0,165,42.0,True,False,
TAPB,bindingdb,seed_7,target,base,0.8,0.2,0.2,validation,cross_fitted,744,197.0,149,52.0,595,145.0,True,False,
TAPB,bindingdb,seed_7,target,base,0.8,0.2,0.2,test,fitted,183,50.0,37,15.0,146,35.0,True,False,
TAPB,bindingdb,seed_7,target,base,0.9,0.1,0.2,validation,cross_fitted,436,86.0,44,17.0,392,69.0,True,False,
TAPB,bindingdb,seed_7,target,base,0.9,0.1,0.2,test,fitted,113,25.0,11,6.0,102,19.0,True,False,
TAPB,bindingdb,seed_7,target,base,0.9,0.2,0.2,validation,cross_fitted,436,86.0,87,27.0,349,59.0,True,False,
TAPB,bindingdb,seed_7,target,base,0.9,0.2,0.2,test,fitted,113,25.0,23,9.0,90,16.0,True,False,
TAPB,bindingdb,seed_7,drug,base,0.8,0.1,0.2,validation,cross_fitted,744,197.0,74,21.0,670,176.0,True,False,
TAPB,bindingdb,seed_7,drug,base,0.8,0.1,0.2,test,fitted,183,50.0,18,8.0,165,42.0,True,False,
TAPB,bindingdb,seed_7,drug,base,0.8,0.2,0.2,validation,cross_fitted,744,197.0,149,50.0,595,147.0,True,False,
TAPB,bindingdb,seed_7,drug,base,0.8,0.2,0.2,test,fitted,183,50.0,37,15.0,146,35.0,True,False,
TAPB,bindingdb,seed_7,drug,base,0.9,0.1,0.2,validation,cross_fitted,436,86.0,44,15.0,392,71.0,True,False,
TAPB,bindingdb,seed_7,drug,base,0.9,0.1,0.2,test,fitted,113,25.0,11,6.0,102,19.0,True,False,
TAPB,bindingdb,seed_7,drug,base,0.9,0.2,0.2,validation,cross_fitted,436,86.0,87,29.0,349,57.0,True,False,
TAPB,bindingdb,seed_7,drug,base,0.9,0.2,0.2,test,fitted,113,25.0,23,9.0,90,16.0,True,False,
TAPB,bindingdb,seed_8,target,base,0.8,0.1,0.2,validation,cross_fitted,1211,475.0,121,34.0,1090,441.0,True,False,
TAPB,bindingdb,seed_8,target,base,0.8,0.1,0.2,test,fitted,298,111.0,30,17.0,268,94.0,True,False,
TAPB,bindingdb,seed_8,target,base,0.8,0.2,0.2,validation,cross_fitted,1211,475.0,242,74.0,969,401.0,True,False,
TAPB,bindingdb,seed_8,target,base,0.8,0.2,0.2,test,fitted,298,111.0,60,32.0,238,79.0,True,False,
TAPB,bindingdb,seed_8,target,base,0.9,0.1,0.2,validation,cross_fitted,900,329.0,90,28.0,810,301.0,True,False,
TAPB,bindingdb,seed_8,target,base,0.9,0.1,0.2,test,fitted,227,76.0,23,10.0,204,66.0,True,False,
TAPB,bindingdb,seed_8,target,base,0.9,0.2,0.2,validation,cross_fitted,900,329.0,180,50.0,720,279.0,True,False,
TAPB,bindingdb,seed_8,target,base,0.9,0.2,0.2,test,fitted,227,76.0,45,19.0,182,57.0,True,False,
TAPB,bindingdb,seed_8,drug,base,0.8,0.1,0.2,validation,cross_fitted,1211,475.0,121,50.0,1090,425.0,True,False,
TAPB,bindingdb,seed_8,drug,base,0.8,0.1,0.2,test,fitted,298,111.0,30,17.0,268,94.0,True,False,
TAPB,bindingdb,seed_8,drug,base,0.8,0.2,0.2,validation,cross_fitted,1211,475.0,242,109.0,969,366.0,True,False,
TAPB,bindingdb,seed_8,drug,base,0.8,0.2,0.2,test,fitted,298,111.0,60,32.0,238,79.0,True,False,
TAPB,bindingdb,seed_8,drug,base,0.9,0.1,0.2,validation,cross_fitted,900,329.0,90,42.0,810,287.0,True,False,
TAPB,bindingdb,seed_8,drug,base,0.9,0.1,0.2,test,fitted,227,76.0,23,10.0,204,66.0,True,False,
TAPB,bindingdb,seed_8,drug,base,0.9,0.2,0.2,validation,cross_fitted,900,329.0,180,66.0,720,263.0,True,False,
TAPB,bindingdb,seed_8,drug,base,0.9,0.2,0.2,test,fitted,227,76.0,45,19.0,182,57.0,True,False,
TAPB,human,seed_4,target,base,0.8,0.1,0.2,validation,cross_fitted,40,5.0,4,1.0,36,4.0,True,True,residual_error_count_lt_10
TAPB,human,seed_4,target,base,0.8,0.1,0.2,test,fitted,61,9.0,6,2.0,55,7.0,True,True,residual_error_count_lt_10
TAPB,human,seed_4,target,base,0.8,0.2,0.2,validation,cross_fitted,40,5.0,8,4.0,32,1.0,True,True,residual_error_count_lt_10
TAPB,human,seed_4,target,base,0.8,0.2,0.2,test,fitted,61,9.0,12,3.0,49,6.0,True,True,residual_error_count_lt_10
TAPB,human,seed_4,target,base,0.9,0.1,0.2,validation,cross_fitted,37,4.0,4,2.0,33,2.0,True,True,residual_error_count_lt_10
TAPB,human,seed_4,target,base,0.9,0.1,0.2,test,fitted,51,6.0,5,1.0,46,5.0,True,True,residual_error_count_lt_10
TAPB,human,seed_4,target,base,0.9,0.2,0.2,validation,cross_fitted,37,4.0,7,3.0,30,1.0,True,True,residual_error_count_lt_10
TAPB,human,seed_4,target,base,0.9,0.2,0.2,test,fitted,51,6.0,10,3.0,41,3.0,True,True,residual_error_count_lt_10
TAPB,human,seed_4,drug,base,0.8,0.1,0.2,validation,cross_fitted,40,5.0,4,1.0,36,4.0,True,True,residual_error_count_lt_10
TAPB,human,seed_4,drug,base,0.8,0.1,0.2,test,fitted,61,9.0,6,2.0,55,7.0,True,True,residual_error_count_lt_10
TAPB,human,seed_4,drug,base,0.8,0.2,0.2,validation,cross_fitted,40,5.0,8,2.0,32,3.0,True,True,residual_error_count_lt_10
TAPB,human,seed_4,drug,base,0.8,0.2,0.2,test,fitted,61,9.0,12,3.0,49,6.0,True,True,residual_error_count_lt_10
TAPB,human,seed_4,drug,base,0.9,0.1,0.2,validation,cross_fitted,37,4.0,4,1.0,33,3.0,True,True,residual_error_count_lt_10
TAPB,human,seed_4,drug,base,0.9,0.1,0.2,test,fitted,51,6.0,5,1.0,46,5.0,True,True,residual_error_count_lt_10
TAPB,human,seed_4,drug,base,0.9,0.2,0.2,validation,cross_fitted,37,4.0,7,1.0,30,3.0,True,True,residual_error_count_lt_10
TAPB,human,seed_4,drug,base,0.9,0.2,0.2,test,fitted,51,6.0,10,3.0,41,3.0,True,True,residual_error_count_lt_10
TAPB,human,seed_5,target,base,0.8,0.1,0.2,validation,cross_fitted,42,4.0,4,0.0,38,4.0,True,True,residual_error_count_lt_10
TAPB,human,seed_5,target,base,0.8,0.1,0.2,test,fitted,93,23.0,9,6.0,84,17.0,True,False,
TAPB,human,seed_5,target,base,0.8,0.2,0.2,validation,cross_fitted,42,4.0,8,1.0,34,3.0,True,True,residual_error_count_lt_10
TAPB,human,seed_5,target,base,0.8,0.2,0.2,test,fitted,93,23.0,19,13.0,74,10.0,True,False,
TAPB,human,seed_5,target,base,0.9,0.1,0.2,validation,cross_fitted,37,3.0,4,1.0,33,2.0,True,True,residual_error_count_lt_10
TAPB,human,seed_5,target,base,0.9,0.1,0.2,test,fitted,81,15.0,8,5.0,73,10.0,True,False,
TAPB,human,seed_5,target,base,0.9,0.2,0.2,validation,cross_fitted,37,3.0,7,1.0,30,2.0,True,True,residual_error_count_lt_10
TAPB,human,seed_5,target,base,0.9,0.2,0.2,test,fitted,81,15.0,16,7.0,65,8.0,True,True,residual_error_count_lt_10
TAPB,human,seed_5,drug,base,0.8,0.1,0.2,validation,cross_fitted,42,4.0,4,1.0,38,3.0,True,True,residual_error_count_lt_10
TAPB,human,seed_5,drug,base,0.8,0.1,0.2,test,fitted,93,23.0,9,6.0,84,17.0,True,False,
TAPB,human,seed_5,drug,base,0.8,0.2,0.2,validation,cross_fitted,42,4.0,8,1.0,34,3.0,True,True,residual_error_count_lt_10
TAPB,human,seed_5,drug,base,0.8,0.2,0.2,test,fitted,93,23.0,19,13.0,74,10.0,True,False,
TAPB,human,seed_5,drug,base,0.9,0.1,0.2,validation,cross_fitted,37,3.0,4,0.0,33,3.0,True,True,residual_error_count_lt_10
TAPB,human,seed_5,drug,base,0.9,0.1,0.2,test,fitted,81,15.0,8,5.0,73,10.0,True,False,
TAPB,human,seed_5,drug,base,0.9,0.2,0.2,validation,cross_fitted,37,3.0,7,1.0,30,2.0,True,True,residual_error_count_lt_10
TAPB,human,seed_5,drug,base,0.9,0.2,0.2,test,fitted,81,15.0,16,7.0,65,8.0,True,True,residual_error_count_lt_10
TAPB,human,seed_6,target,base,0.8,0.1,0.2,validation,cross_fitted,41,4.0,4,0.0,37,4.0,True,True,residual_error_count_lt_10
TAPB,human,seed_6,target,base,0.8,0.1,0.2,test,fitted,76,15.0,8,2.0,68,13.0,True,False,
TAPB,human,seed_6,target,base,0.8,0.2,0.2,validation,cross_fitted,41,4.0,8,1.0,33,3.0,True,True,residual_error_count_lt_10
TAPB,human,seed_6,target,base,0.8,0.2,0.2,test,fitted,76,15.0,15,5.0,61,10.0,True,False,
TAPB,human,seed_6,target,base,0.9,0.1,0.2,validation,cross_fitted,38,4.0,4,1.0,34,3.0,True,True,residual_error_count_lt_10
TAPB,human,seed_6,target,base,0.9,0.1,0.2,test,fitted,69,13.0,7,3.0,62,10.0,True,False,
TAPB,human,seed_6,target,base,0.9,0.2,0.2,validation,cross_fitted,38,4.0,8,1.0,30,3.0,True,True,residual_error_count_lt_10
TAPB,human,seed_6,target,base,0.9,0.2,0.2,test,fitted,69,13.0,14,4.0,55,9.0,True,True,residual_error_count_lt_10
TAPB,human,seed_6,drug,base,0.8,0.1,0.2,validation,cross_fitted,41,4.0,4,0.0,37,4.0,True,True,residual_error_count_lt_10
TAPB,human,seed_6,drug,base,0.8,0.1,0.2,test,fitted,76,15.0,8,2.0,68,13.0,True,False,
TAPB,human,seed_6,drug,base,0.8,0.2,0.2,validation,cross_fitted,41,4.0,8,1.0,33,3.0,True,True,residual_error_count_lt_10
TAPB,human,seed_6,drug,base,0.8,0.2,0.2,test,fitted,76,15.0,15,5.0,61,10.0,True,False,
TAPB,human,seed_6,drug,base,0.9,0.1,0.2,validation,cross_fitted,38,4.0,4,1.0,34,3.0,True,True,residual_error_count_lt_10
TAPB,human,seed_6,drug,base,0.9,0.1,0.2,test,fitted,69,13.0,7,3.0,62,10.0,True,False,
TAPB,human,seed_6,drug,base,0.9,0.2,0.2,validation,cross_fitted,38,4.0,8,1.0,30,3.0,True,True,residual_error_count_lt_10
TAPB,human,seed_6,drug,base,0.9,0.2,0.2,test,fitted,69,13.0,14,4.0,55,9.0,True,True,residual_error_count_lt_10
TAPB,human,seed_7,target,base,0.8,0.1,0.2,validation,cross_fitted,53,10.0,5,3.0,48,7.0,True,True,residual_error_count_lt_10
TAPB,human,seed_7,target,base,0.8,0.1,0.2,test,fitted,109,30.0,11,8.0,98,22.0,True,False,
TAPB,human,seed_7,target,base,0.8,0.2,0.2,validation,cross_fitted,53,10.0,11,3.0,42,7.0,True,True,residual_error_count_lt_10
TAPB,human,seed_7,target,base,0.8,0.2,0.2,test,fitted,109,30.0,22,11.0,87,19.0,True,False,
TAPB,human,seed_7,target,base,0.9,0.1,0.2,validation,cross_fitted,51,8.0,5,1.0,46,7.0,True,True,residual_error_count_lt_10
TAPB,human,seed_7,target,base,0.9,0.1,0.2,test,fitted,105,26.0,10,5.0,95,21.0,True,False,
TAPB,human,seed_7,target,base,0.9,0.2,0.2,validation,cross_fitted,51,8.0,10,2.0,41,6.0,True,True,residual_error_count_lt_10
TAPB,human,seed_7,target,base,0.9,0.2,0.2,test,fitted,105,26.0,21,9.0,84,17.0,True,False,
TAPB,human,seed_7,drug,base,0.8,0.1,0.2,validation,cross_fitted,53,10.0,5,2.0,48,8.0,True,True,residual_error_count_lt_10
TAPB,human,seed_7,drug,base,0.8,0.1,0.2,test,fitted,109,30.0,11,8.0,98,22.0,True,False,
TAPB,human,seed_7,drug,base,0.8,0.2,0.2,validation,cross_fitted,53,10.0,11,3.0,42,7.0,True,True,residual_error_count_lt_10
TAPB,human,seed_7,drug,base,0.8,0.2,0.2,test,fitted,109,30.0,22,11.0,87,19.0,True,False,
TAPB,human,seed_7,drug,base,0.9,0.1,0.2,validation,cross_fitted,51,8.0,5,1.0,46,7.0,True,True,residual_error_count_lt_10
TAPB,human,seed_7,drug,base,0.9,0.1,0.2,test,fitted,105,26.0,10,5.0,95,21.0,True,False,
TAPB,human,seed_7,drug,base,0.9,0.2,0.2,validation,cross_fitted,51,8.0,10,2.0,41,6.0,True,True,residual_error_count_lt_10
TAPB,human,seed_7,drug,base,0.9,0.2,0.2,test,fitted,105,26.0,21,9.0,84,17.0,True,False,
TAPB,human,seed_8,target,base,0.8,0.1,0.2,validation,cross_fitted,47,7.0,5,2.0,42,5.0,True,True,residual_error_count_lt_10
TAPB,human,seed_8,target,base,0.8,0.1,0.2,test,fitted,103,24.0,10,1.0,93,23.0,True,False,
TAPB,human,seed_8,target,base,0.8,0.2,0.2,validation,cross_fitted,47,7.0,9,3.0,38,4.0,True,True,residual_error_count_lt_10
TAPB,human,seed_8,target,base,0.8,0.2,0.2,test,fitted,103,24.0,21,6.0,82,18.0,True,False,
TAPB,human,seed_8,target,base,0.9,0.1,0.2,validation,cross_fitted,45,7.0,4,2.0,41,5.0,True,True,residual_error_count_lt_10
TAPB,human,seed_8,target,base,0.9,0.1,0.2,test,fitted,101,24.0,10,1.0,91,23.0,True,False,
TAPB,human,seed_8,target,base,0.9,0.2,0.2,validation,cross_fitted,45,7.0,9,3.0,36,4.0,True,True,residual_error_count_lt_10
TAPB,human,seed_8,target,base,0.9,0.2,0.2,test,fitted,101,24.0,20,7.0,81,17.0,True,False,
TAPB,human,seed_8,drug,base,0.8,0.1,0.2,validation,cross_fitted,47,7.0,5,1.0,42,6.0,True,True,residual_error_count_lt_10
TAPB,human,seed_8,drug,base,0.8,0.1,0.2,test,fitted,103,24.0,10,1.0,93,23.0,True,False,
TAPB,human,seed_8,drug,base,0.8,0.2,0.2,validation,cross_fitted,47,7.0,9,3.0,38,4.0,True,True,residual_error_count_lt_10
TAPB,human,seed_8,drug,base,0.8,0.2,0.2,test,fitted,103,24.0,21,6.0,82,18.0,True,False,
TAPB,human,seed_8,drug,base,0.9,0.1,0.2,validation,cross_fitted,45,7.0,4,1.0,41,6.0,True,True,residual_error_count_lt_10
TAPB,human,seed_8,drug,base,0.9,0.1,0.2,test,fitted,101,24.0,10,1.0,91,23.0,True,False,
TAPB,human,seed_8,drug,base,0.9,0.2,0.2,validation,cross_fitted,45,7.0,9,3.0,36,4.0,True,True,residual_error_count_lt_10
TAPB,human,seed_8,drug,base,0.9,0.2,0.2,test,fitted,101,24.0,20,7.0,81,17.0,True,False,
DrugBAN,biosnap,seed_4,target,base,0.8,0.1,0.2,validation,cross_fitted,647,145.0,65,22.0,582,123.0,True,False,
DrugBAN,biosnap,seed_4,target,base,0.8,0.1,0.2,test,fitted,158,32.0,16,6.0,142,26.0,True,False,
DrugBAN,biosnap,seed_4,target,base,0.8,0.2,0.2,validation,cross_fitted,647,145.0,129,47.0,518,98.0,True,False,
DrugBAN,biosnap,seed_4,target,base,0.8,0.2,0.2,test,fitted,158,32.0,32,10.0,126,22.0,True,False,
DrugBAN,biosnap,seed_4,target,base,0.9,0.1,0.2,validation,cross_fitted,509,91.0,51,16.0,458,75.0,True,False,
DrugBAN,biosnap,seed_4,target,base,0.9,0.1,0.2,test,fitted,118,19.0,12,5.0,106,14.0,True,False,
DrugBAN,biosnap,seed_4,target,base,0.9,0.2,0.2,validation,cross_fitted,509,91.0,102,25.0,407,66.0,True,False,
DrugBAN,biosnap,seed_4,target,base,0.9,0.2,0.2,test,fitted,118,19.0,24,9.0,94,10.0,True,False,
DrugBAN,biosnap,seed_4,drug,base,0.8,0.1,0.2,validation,cross_fitted,647,145.0,65,22.0,582,123.0,True,False,
DrugBAN,biosnap,seed_4,drug,base,0.8,0.1,0.2,test,fitted,158,32.0,16,6.0,142,26.0,True,False,
DrugBAN,biosnap,seed_4,drug,base,0.8,0.2,0.2,validation,cross_fitted,647,145.0,129,47.0,518,98.0,True,False,
DrugBAN,biosnap,seed_4,drug,base,0.8,0.2,0.2,test,fitted,158,32.0,32,10.0,126,22.0,True,False,
DrugBAN,biosnap,seed_4,drug,base,0.9,0.1,0.2,validation,cross_fitted,509,91.0,51,14.0,458,77.0,True,False,
DrugBAN,biosnap,seed_4,drug,base,0.9,0.1,0.2,test,fitted,118,19.0,12,5.0,106,14.0,True,False,
DrugBAN,biosnap,seed_4,drug,base,0.9,0.2,0.2,validation,cross_fitted,509,91.0,102,31.0,407,60.0,True,False,
DrugBAN,biosnap,seed_4,drug,base,0.9,0.2,0.2,test,fitted,118,19.0,24,9.0,94,10.0,True,False,
DrugBAN,biosnap,seed_5,target,base,0.8,0.1,0.2,validation,cross_fitted,797,164.0,80,36.0,717,128.0,True,False,
DrugBAN,biosnap,seed_5,target,base,0.8,0.1,0.2,test,fitted,186,41.0,19,7.0,167,34.0,True,False,
DrugBAN,biosnap,seed_5,target,base,0.8,0.2,0.2,validation,cross_fitted,797,164.0,159,66.0,638,98.0,True,False,
DrugBAN,biosnap,seed_5,target,base,0.8,0.2,0.2,test,fitted,186,41.0,37,12.0,149,29.0,True,False,
DrugBAN,biosnap,seed_5,target,base,0.9,0.1,0.2,validation,cross_fitted,667,109.0,67,25.0,600,84.0,True,False,
DrugBAN,biosnap,seed_5,target,base,0.9,0.1,0.2,test,fitted,163,32.0,16,3.0,147,29.0,True,False,
DrugBAN,biosnap,seed_5,target,base,0.9,0.2,0.2,validation,cross_fitted,667,109.0,133,42.0,534,67.0,True,False,
DrugBAN,biosnap,seed_5,target,base,0.9,0.2,0.2,test,fitted,163,32.0,33,11.0,130,21.0,True,False,
DrugBAN,biosnap,seed_5,drug,base,0.8,0.1,0.2,validation,cross_fitted,797,164.0,80,37.0,717,127.0,True,False,
DrugBAN,biosnap,seed_5,drug,base,0.8,0.1,0.2,test,fitted,186,41.0,19,7.0,167,34.0,True,False,
DrugBAN,biosnap,seed_5,drug,base,0.8,0.2,0.2,validation,cross_fitted,797,164.0,159,62.0,638,102.0,True,False,
DrugBAN,biosnap,seed_5,drug,base,0.8,0.2,0.2,test,fitted,186,41.0,37,12.0,149,29.0,True,False,
DrugBAN,biosnap,seed_5,drug,base,0.9,0.1,0.2,validation,cross_fitted,667,109.0,67,23.0,600,86.0,True,False,
DrugBAN,biosnap,seed_5,drug,base,0.9,0.1,0.2,test,fitted,163,32.0,16,3.0,147,29.0,True,False,
DrugBAN,biosnap,seed_5,drug,base,0.9,0.2,0.2,validation,cross_fitted,667,109.0,133,37.0,534,72.0,True,False,
DrugBAN,biosnap,seed_5,drug,base,0.9,0.2,0.2,test,fitted,163,32.0,33,11.0,130,21.0,True,False,
DrugBAN,biosnap,seed_6,target,base,0.8,0.1,0.2,validation,cross_fitted,861,209.0,86,31.0,775,178.0,True,False,
DrugBAN,biosnap,seed_6,target,base,0.8,0.1,0.2,test,fitted,210,42.0,21,6.0,189,36.0,True,False,
DrugBAN,biosnap,seed_6,target,base,0.8,0.2,0.2,validation,cross_fitted,861,209.0,172,59.0,689,150.0,True,False,
DrugBAN,biosnap,seed_6,target,base,0.8,0.2,0.2,test,fitted,210,42.0,42,10.0,168,32.0,True,False,
DrugBAN,biosnap,seed_6,target,base,0.9,0.1,0.2,validation,cross_fitted,728,155.0,73,21.0,655,134.0,True,False,
DrugBAN,biosnap,seed_6,target,base,0.9,0.1,0.2,test,fitted,175,33.0,18,5.0,157,28.0,True,False,
DrugBAN,biosnap,seed_6,target,base,0.9,0.2,0.2,validation,cross_fitted,728,155.0,146,44.0,582,111.0,True,False,
DrugBAN,biosnap,seed_6,target,base,0.9,0.2,0.2,test,fitted,175,33.0,35,11.0,140,22.0,True,False,
DrugBAN,biosnap,seed_6,drug,base,0.8,0.1,0.2,validation,cross_fitted,861,209.0,86,35.0,775,174.0,True,False,
DrugBAN,biosnap,seed_6,drug,base,0.8,0.1,0.2,test,fitted,210,42.0,21,6.0,189,36.0,True,False,
DrugBAN,biosnap,seed_6,drug,base,0.8,0.2,0.2,validation,cross_fitted,861,209.0,172,65.0,689,144.0,True,False,
DrugBAN,biosnap,seed_6,drug,base,0.8,0.2,0.2,test,fitted,210,42.0,42,10.0,168,32.0,True,False,
DrugBAN,biosnap,seed_6,drug,base,0.9,0.1,0.2,validation,cross_fitted,728,155.0,73,22.0,655,133.0,True,False,
DrugBAN,biosnap,seed_6,drug,base,0.9,0.1,0.2,test,fitted,175,33.0,18,5.0,157,28.0,True,False,
DrugBAN,biosnap,seed_6,drug,base,0.9,0.2,0.2,validation,cross_fitted,728,155.0,146,53.0,582,102.0,True,False,
DrugBAN,biosnap,seed_6,drug,base,0.9,0.2,0.2,test,fitted,175,33.0,35,11.0,140,22.0,True,False,
DrugBAN,biosnap,seed_7,target,base,0.8,0.1,0.2,validation,cross_fitted,765,232.0,76,23.0,689,209.0,True,False,
DrugBAN,biosnap,seed_7,target,base,0.8,0.1,0.2,test,fitted,183,59.0,18,8.0,165,51.0,True,False,
DrugBAN,biosnap,seed_7,target,base,0.8,0.2,0.2,validation,cross_fitted,765,232.0,153,53.0,612,179.0,True,False,
DrugBAN,biosnap,seed_7,target,base,0.8,0.2,0.2,test,fitted,183,59.0,37,17.0,146,42.0,True,False,
DrugBAN,biosnap,seed_7,target,base,0.9,0.1,0.2,validation,cross_fitted,587,149.0,59,17.0,528,132.0,True,False,
DrugBAN,biosnap,seed_7,target,base,0.9,0.1,0.2,test,fitted,136,37.0,14,4.0,122,33.0,True,False,
DrugBAN,biosnap,seed_7,target,base,0.9,0.2,0.2,validation,cross_fitted,587,149.0,117,37.0,470,112.0,True,False,
DrugBAN,biosnap,seed_7,target,base,0.9,0.2,0.2,test,fitted,136,37.0,27,8.0,109,29.0,True,False,
DrugBAN,biosnap,seed_7,drug,base,0.8,0.1,0.2,validation,cross_fitted,765,232.0,76,33.0,689,199.0,True,False,
DrugBAN,biosnap,seed_7,drug,base,0.8,0.1,0.2,test,fitted,183,59.0,18,8.0,165,51.0,True,False,
DrugBAN,biosnap,seed_7,drug,base,0.8,0.2,0.2,validation,cross_fitted,765,232.0,153,69.0,612,163.0,True,False,
DrugBAN,biosnap,seed_7,drug,base,0.8,0.2,0.2,test,fitted,183,59.0,37,17.0,146,42.0,True,False,
DrugBAN,biosnap,seed_7,drug,base,0.9,0.1,0.2,validation,cross_fitted,587,149.0,59,25.0,528,124.0,True,False,
DrugBAN,biosnap,seed_7,drug,base,0.9,0.1,0.2,test,fitted,136,37.0,14,4.0,122,33.0,True,False,
DrugBAN,biosnap,seed_7,drug,base,0.9,0.2,0.2,validation,cross_fitted,587,149.0,117,47.0,470,102.0,True,False,
DrugBAN,biosnap,seed_7,drug,base,0.9,0.2,0.2,test,fitted,136,37.0,27,8.0,109,29.0,True,False,
DrugBAN,biosnap,seed_8,target,base,0.8,0.1,0.2,validation,cross_fitted,802,151.0,80,27.0,722,124.0,True,False,
DrugBAN,biosnap,seed_8,target,base,0.8,0.1,0.2,test,fitted,193,34.0,19,6.0,174,28.0,True,False,
DrugBAN,biosnap,seed_8,target,base,0.8,0.2,0.2,validation,cross_fitted,802,151.0,160,53.0,642,98.0,True,False,
DrugBAN,biosnap,seed_8,target,base,0.8,0.2,0.2,test,fitted,193,34.0,39,12.0,154,22.0,True,False,
DrugBAN,biosnap,seed_8,target,base,0.9,0.1,0.2,validation,cross_fitted,702,116.0,70,22.0,632,94.0,True,False,
DrugBAN,biosnap,seed_8,target,base,0.9,0.1,0.2,test,fitted,173,28.0,17,6.0,156,22.0,True,False,
DrugBAN,biosnap,seed_8,target,base,0.9,0.2,0.2,validation,cross_fitted,702,116.0,140,37.0,562,79.0,True,False,
DrugBAN,biosnap,seed_8,target,base,0.9,0.2,0.2,test,fitted,173,28.0,35,11.0,138,17.0,True,False,
DrugBAN,biosnap,seed_8,drug,base,0.8,0.1,0.2,validation,cross_fitted,802,151.0,80,25.0,722,126.0,True,False,
DrugBAN,biosnap,seed_8,drug,base,0.8,0.1,0.2,test,fitted,193,34.0,19,6.0,174,28.0,True,False,
DrugBAN,biosnap,seed_8,drug,base,0.8,0.2,0.2,validation,cross_fitted,802,151.0,160,57.0,642,94.0,True,False,
DrugBAN,biosnap,seed_8,drug,base,0.8,0.2,0.2,test,fitted,193,34.0,39,12.0,154,22.0,True,False,
DrugBAN,biosnap,seed_8,drug,base,0.9,0.1,0.2,validation,cross_fitted,702,116.0,70,25.0,632,91.0,True,False,
DrugBAN,biosnap,seed_8,drug,base,0.9,0.1,0.2,test,fitted,173,28.0,17,6.0,156,22.0,True,False,
DrugBAN,biosnap,seed_8,drug,base,0.9,0.2,0.2,validation,cross_fitted,702,116.0,140,41.0,562,75.0,True,False,
DrugBAN,biosnap,seed_8,drug,base,0.9,0.2,0.2,test,fitted,173,28.0,35,11.0,138,17.0,True,False,
DrugBAN,bindingdb,seed_4,target,base,0.8,0.1,0.2,validation,cross_fitted,1313,527.0,131,50.0,1182,477.0,True,False,
DrugBAN,bindingdb,seed_4,target,base,0.8,0.1,0.2,test,fitted,263,110.0,26,14.0,237,96.0,True,False,
DrugBAN,bindingdb,seed_4,target,base,0.8,0.2,0.2,validation,cross_fitted,1313,527.0,263,95.0,1050,432.0,True,False,
DrugBAN,bindingdb,seed_4,target,base,0.8,0.2,0.2,test,fitted,263,110.0,53,28.0,210,82.0,True,False,
DrugBAN,bindingdb,seed_4,target,base,0.9,0.1,0.2,validation,cross_fitted,964,354.0,96,28.0,868,326.0,True,False,
DrugBAN,bindingdb,seed_4,target,base,0.9,0.1,0.2,test,fitted,199,77.0,20,11.0,179,66.0,True,False,
DrugBAN,bindingdb,seed_4,target,base,0.9,0.2,0.2,validation,cross_fitted,964,354.0,193,56.0,771,298.0,True,False,
DrugBAN,bindingdb,seed_4,target,base,0.9,0.2,0.2,test,fitted,199,77.0,40,21.0,159,56.0,True,False,
DrugBAN,bindingdb,seed_4,drug,base,0.8,0.1,0.2,validation,cross_fitted,1313,527.0,131,64.0,1182,463.0,True,False,
DrugBAN,bindingdb,seed_4,drug,base,0.8,0.1,0.2,test,fitted,263,110.0,26,14.0,237,96.0,True,False,
DrugBAN,bindingdb,seed_4,drug,base,0.8,0.2,0.2,validation,cross_fitted,1313,527.0,263,125.0,1050,402.0,True,False,
DrugBAN,bindingdb,seed_4,drug,base,0.8,0.2,0.2,test,fitted,263,110.0,53,28.0,210,82.0,True,False,
DrugBAN,bindingdb,seed_4,drug,base,0.9,0.1,0.2,validation,cross_fitted,964,354.0,96,49.0,868,305.0,True,False,
DrugBAN,bindingdb,seed_4,drug,base,0.9,0.1,0.2,test,fitted,199,77.0,20,11.0,179,66.0,True,False,
DrugBAN,bindingdb,seed_4,drug,base,0.9,0.2,0.2,validation,cross_fitted,964,354.0,193,94.0,771,260.0,True,False,
DrugBAN,bindingdb,seed_4,drug,base,0.9,0.2,0.2,test,fitted,199,77.0,40,21.0,159,56.0,True,False,
DrugBAN,bindingdb,seed_5,target,base,0.8,0.1,0.2,validation,cross_fitted,994,250.0,99,26.0,895,224.0,True,False,
DrugBAN,bindingdb,seed_5,target,base,0.8,0.1,0.2,test,fitted,257,56.0,26,9.0,231,47.0,True,False,
DrugBAN,bindingdb,seed_5,target,base,0.8,0.2,0.2,validation,cross_fitted,994,250.0,199,51.0,795,199.0,True,False,
DrugBAN,bindingdb,seed_5,target,base,0.8,0.2,0.2,test,fitted,257,56.0,51,17.0,206,39.0,True,False,
DrugBAN,bindingdb,seed_5,target,base,0.9,0.1,0.2,validation,cross_fitted,647,116.0,65,2.0,582,114.0,True,False,
DrugBAN,bindingdb,seed_5,target,base,0.9,0.1,0.2,test,fitted,165,28.0,16,3.0,149,25.0,True,False,
DrugBAN,bindingdb,seed_5,target,base,0.9,0.2,0.2,validation,cross_fitted,647,116.0,129,13.0,518,103.0,True,False,
DrugBAN,bindingdb,seed_5,target,base,0.9,0.2,0.2,test,fitted,165,28.0,33,8.0,132,20.0,True,False,
DrugBAN,bindingdb,seed_5,drug,base,0.8,0.1,0.2,validation,cross_fitted,994,250.0,99,47.0,895,203.0,True,False,
DrugBAN,bindingdb,seed_5,drug,base,0.8,0.1,0.2,test,fitted,257,56.0,26,9.0,231,47.0,True,False,
DrugBAN,bindingdb,seed_5,drug,base,0.8,0.2,0.2,validation,cross_fitted,994,250.0,199,82.0,795,168.0,True,False,
DrugBAN,bindingdb,seed_5,drug,base,0.8,0.2,0.2,test,fitted,257,56.0,51,17.0,206,39.0,True,False,
DrugBAN,bindingdb,seed_5,drug,base,0.9,0.1,0.2,validation,cross_fitted,647,116.0,65,17.0,582,99.0,True,False,
DrugBAN,bindingdb,seed_5,drug,base,0.9,0.1,0.2,test,fitted,165,28.0,16,3.0,149,25.0,True,False,
DrugBAN,bindingdb,seed_5,drug,base,0.9,0.2,0.2,validation,cross_fitted,647,116.0,129,32.0,518,84.0,True,False,
DrugBAN,bindingdb,seed_5,drug,base,0.9,0.2,0.2,test,fitted,165,28.0,33,8.0,132,20.0,True,False,
DrugBAN,bindingdb,seed_6,target,base,0.8,0.1,0.2,validation,cross_fitted,661,90.0,66,17.0,595,73.0,True,False,
DrugBAN,bindingdb,seed_6,target,base,0.8,0.1,0.2,test,fitted,172,23.0,17,6.0,155,17.0,True,False,
DrugBAN,bindingdb,seed_6,target,base,0.8,0.2,0.2,validation,cross_fitted,661,90.0,132,31.0,529,59.0,True,False,
DrugBAN,bindingdb,seed_6,target,base,0.8,0.2,0.2,test,fitted,172,23.0,34,7.0,138,16.0,True,False,
DrugBAN,bindingdb,seed_6,target,base,0.9,0.1,0.2,validation,cross_fitted,497,59.0,50,13.0,447,46.0,True,False,
DrugBAN,bindingdb,seed_6,target,base,0.9,0.1,0.2,test,fitted,141,17.0,14,2.0,127,15.0,True,False,
DrugBAN,bindingdb,seed_6,target,base,0.9,0.2,0.2,validation,cross_fitted,497,59.0,99,13.0,398,46.0,True,False,
DrugBAN,bindingdb,seed_6,target,base,0.9,0.2,0.2,test,fitted,141,17.0,28,3.0,113,14.0,True,False,
DrugBAN,bindingdb,seed_6,drug,base,0.8,0.1,0.2,validation,cross_fitted,661,90.0,66,16.0,595,74.0,True,False,
DrugBAN,bindingdb,seed_6,drug,base,0.8,0.1,0.2,test,fitted,172,23.0,17,6.0,155,17.0,True,False,
DrugBAN,bindingdb,seed_6,drug,base,0.8,0.2,0.2,validation,cross_fitted,661,90.0,132,28.0,529,62.0,True,False,
DrugBAN,bindingdb,seed_6,drug,base,0.8,0.2,0.2,test,fitted,172,23.0,34,7.0,138,16.0,True,False,
DrugBAN,bindingdb,seed_6,drug,base,0.9,0.1,0.2,validation,cross_fitted,497,59.0,50,8.0,447,51.0,True,False,
DrugBAN,bindingdb,seed_6,drug,base,0.9,0.1,0.2,test,fitted,141,17.0,14,2.0,127,15.0,True,False,
DrugBAN,bindingdb,seed_6,drug,base,0.9,0.2,0.2,validation,cross_fitted,497,59.0,99,15.0,398,44.0,True,False,
DrugBAN,bindingdb,seed_6,drug,base,0.9,0.2,0.2,test,fitted,141,17.0,28,3.0,113,14.0,True,False,
DrugBAN,bindingdb,seed_7,target,base,0.8,0.1,0.2,validation,cross_fitted,874,219.0,87,21.0,787,198.0,True,False,
DrugBAN,bindingdb,seed_7,target,base,0.8,0.1,0.2,test,fitted,241,61.0,24,10.0,217,51.0,True,False,
DrugBAN,bindingdb,seed_7,target,base,0.8,0.2,0.2,validation,cross_fitted,874,219.0,175,49.0,699,170.0,True,False,
DrugBAN,bindingdb,seed_7,target,base,0.8,0.2,0.2,test,fitted,241,61.0,48,18.0,193,43.0,True,False,
DrugBAN,bindingdb,seed_7,target,base,0.9,0.1,0.2,validation,cross_fitted,648,130.0,65,21.0,583,109.0,True,False,
DrugBAN,bindingdb,seed_7,target,base,0.9,0.1,0.2,test,fitted,175,39.0,18,5.0,157,34.0,True,False,
DrugBAN,bindingdb,seed_7,target,base,0.9,0.2,0.2,validation,cross_fitted,648,130.0,130,38.0,518,92.0,True,False,
DrugBAN,bindingdb,seed_7,target,base,0.9,0.2,0.2,test,fitted,175,39.0,35,11.0,140,28.0,True,False,
DrugBAN,bindingdb,seed_7,drug,base,0.8,0.1,0.2,validation,cross_fitted,874,219.0,87,29.0,787,190.0,True,False,
DrugBAN,bindingdb,seed_7,drug,base,0.8,0.1,0.2,test,fitted,241,61.0,24,10.0,217,51.0,True,False,
DrugBAN,bindingdb,seed_7,drug,base,0.8,0.2,0.2,validation,cross_fitted,874,219.0,175,71.0,699,148.0,True,False,
DrugBAN,bindingdb,seed_7,drug,base,0.8,0.2,0.2,test,fitted,241,61.0,48,18.0,193,43.0,True,False,
DrugBAN,bindingdb,seed_7,drug,base,0.9,0.1,0.2,validation,cross_fitted,648,130.0,65,25.0,583,105.0,True,False,
DrugBAN,bindingdb,seed_7,drug,base,0.9,0.1,0.2,test,fitted,175,39.0,18,5.0,157,34.0,True,False,
DrugBAN,bindingdb,seed_7,drug,base,0.9,0.2,0.2,validation,cross_fitted,648,130.0,130,51.0,518,79.0,True,False,
DrugBAN,bindingdb,seed_7,drug,base,0.9,0.2,0.2,test,fitted,175,39.0,35,11.0,140,28.0,True,False,
DrugBAN,bindingdb,seed_8,target,base,0.8,0.1,0.2,validation,cross_fitted,61,17.0,6,0.0,55,17.0,True,False,
DrugBAN,bindingdb,seed_8,target,base,0.8,0.1,0.2,test,fitted,17,4.0,2,2.0,15,2.0,True,True,residual_error_count_lt_10
DrugBAN,bindingdb,seed_8,target,base,0.8,0.2,0.2,validation,cross_fitted,61,17.0,12,1.0,49,16.0,True,False,
DrugBAN,bindingdb,seed_8,target,base,0.8,0.2,0.2,test,fitted,17,4.0,3,2.0,14,2.0,True,True,residual_error_count_lt_10
DrugBAN,bindingdb,seed_8,target,base,0.9,0.1,0.2,validation,cross_fitted,13,6.0,1,0.0,12,6.0,True,True,residual_error_count_lt_10
DrugBAN,bindingdb,seed_8,target,base,0.9,0.1,0.2,test,fitted,0,0.0,0,0.0,0,0.0,False,True,residual_error_count_lt_10
DrugBAN,bindingdb,seed_8,target,base,0.9,0.2,0.2,validation,cross_fitted,13,6.0,3,0.0,10,6.0,True,True,residual_error_count_lt_10
DrugBAN,bindingdb,seed_8,target,base,0.9,0.2,0.2,test,fitted,0,0.0,0,0.0,0,0.0,False,True,residual_error_count_lt_10
DrugBAN,bindingdb,seed_8,drug,base,0.8,0.1,0.2,validation,cross_fitted,61,17.0,6,1.0,55,16.0,True,False,
DrugBAN,bindingdb,seed_8,drug,base,0.8,0.1,0.2,test,fitted,17,4.0,2,2.0,15,2.0,True,True,residual_error_count_lt_10
DrugBAN,bindingdb,seed_8,drug,base,0.8,0.2,0.2,validation,cross_fitted,61,17.0,12,3.0,49,14.0,True,False,
DrugBAN,bindingdb,seed_8,drug,base,0.8,0.2,0.2,test,fitted,17,4.0,3,2.0,14,2.0,True,True,residual_error_count_lt_10
DrugBAN,bindingdb,seed_8,drug,base,0.9,0.1,0.2,validation,cross_fitted,13,6.0,1,0.0,12,6.0,True,True,residual_error_count_lt_10
DrugBAN,bindingdb,seed_8,drug,base,0.9,0.1,0.2,test,fitted,0,0.0,0,0.0,0,0.0,False,True,residual_error_count_lt_10
DrugBAN,bindingdb,seed_8,drug,base,0.9,0.2,0.2,validation,cross_fitted,13,6.0,3,0.0,10,6.0,True,True,residual_error_count_lt_10
DrugBAN,bindingdb,seed_8,drug,base,0.9,0.2,0.2,test,fitted,0,0.0,0,0.0,0,0.0,False,True,residual_error_count_lt_10
DrugBAN,human,seed_4,target,base,0.8,0.1,0.2,validation,cross_fitted,15,1.0,2,0.0,13,1.0,True,True,residual_error_count_lt_10
DrugBAN,human,seed_4,target,base,0.8,0.1,0.2,test,fitted,17,1.0,2,0.0,15,1.0,True,True,residual_error_count_lt_10
DrugBAN,human,seed_4,target,base,0.8,0.2,0.2,validation,cross_fitted,15,1.0,3,0.0,12,1.0,True,True,residual_error_count_lt_10
DrugBAN,human,seed_4,target,base,0.8,0.2,0.2,test,fitted,17,1.0,3,0.0,14,1.0,True,True,residual_error_count_lt_10
DrugBAN,human,seed_4,target,base,0.9,0.1,0.2,validation,cross_fitted,6,1.0,1,0.0,5,1.0,True,True,residual_error_count_lt_10
DrugBAN,human,seed_4,target,base,0.9,0.1,0.2,test,fitted,6,0.0,1,0.0,5,0.0,False,True,residual_error_count_lt_10
DrugBAN,human,seed_4,target,base,0.9,0.2,0.2,validation,cross_fitted,6,1.0,1,0.0,5,1.0,True,True,residual_error_count_lt_10
DrugBAN,human,seed_4,target,base,0.9,0.2,0.2,test,fitted,6,0.0,1,0.0,5,0.0,False,True,residual_error_count_lt_10
DrugBAN,human,seed_4,drug,base,0.8,0.1,0.2,validation,cross_fitted,15,1.0,2,0.0,13,1.0,True,True,residual_error_count_lt_10
DrugBAN,human,seed_4,drug,base,0.8,0.1,0.2,test,fitted,17,1.0,2,0.0,15,1.0,True,True,residual_error_count_lt_10
DrugBAN,human,seed_4,drug,base,0.8,0.2,0.2,validation,cross_fitted,15,1.0,3,0.0,12,1.0,True,True,residual_error_count_lt_10
DrugBAN,human,seed_4,drug,base,0.8,0.2,0.2,test,fitted,17,1.0,3,0.0,14,1.0,True,True,residual_error_count_lt_10
DrugBAN,human,seed_4,drug,base,0.9,0.1,0.2,validation,cross_fitted,6,1.0,1,0.0,5,1.0,True,True,residual_error_count_lt_10
DrugBAN,human,seed_4,drug,base,0.9,0.1,0.2,test,fitted,6,0.0,1,0.0,5,0.0,False,True,residual_error_count_lt_10
DrugBAN,human,seed_4,drug,base,0.9,0.2,0.2,validation,cross_fitted,6,1.0,1,0.0,5,1.0,True,True,residual_error_count_lt_10
DrugBAN,human,seed_4,drug,base,0.9,0.2,0.2,test,fitted,6,0.0,1,0.0,5,0.0,False,True,residual_error_count_lt_10
DrugBAN,human,seed_5,target,base,0.8,0.1,0.2,validation,cross_fitted,30,3.0,3,0.0,27,3.0,True,True,residual_error_count_lt_10
DrugBAN,human,seed_5,target,base,0.8,0.1,0.2,test,fitted,61,14.0,6,4.0,55,10.0,True,False,
DrugBAN,human,seed_5,target,base,0.8,0.2,0.2,validation,cross_fitted,30,3.0,6,0.0,24,3.0,True,True,residual_error_count_lt_10
DrugBAN,human,seed_5,target,base,0.8,0.2,0.2,test,fitted,61,14.0,12,7.0,49,7.0,True,True,residual_error_count_lt_10
DrugBAN,human,seed_5,target,base,0.9,0.1,0.2,validation,cross_fitted,16,1.0,2,0.0,14,1.0,True,True,residual_error_count_lt_10
DrugBAN,human,seed_5,target,base,0.9,0.1,0.2,test,fitted,23,2.0,2,0.0,21,2.0,True,True,residual_error_count_lt_10
DrugBAN,human,seed_5,target,base,0.9,0.2,0.2,validation,cross_fitted,16,1.0,3,0.0,13,1.0,True,True,residual_error_count_lt_10
DrugBAN,human,seed_5,target,base,0.9,0.2,0.2,test,fitted,23,2.0,5,0.0,18,2.0,True,True,residual_error_count_lt_10
DrugBAN,human,seed_5,drug,base,0.8,0.1,0.2,validation,cross_fitted,30,3.0,3,0.0,27,3.0,True,True,residual_error_count_lt_10
DrugBAN,human,seed_5,drug,base,0.8,0.1,0.2,test,fitted,61,14.0,6,4.0,55,10.0,True,False,
DrugBAN,human,seed_5,drug,base,0.8,0.2,0.2,validation,cross_fitted,30,3.0,6,0.0,24,3.0,True,True,residual_error_count_lt_10
DrugBAN,human,seed_5,drug,base,0.8,0.2,0.2,test,fitted,61,14.0,12,7.0,49,7.0,True,True,residual_error_count_lt_10
DrugBAN,human,seed_5,drug,base,0.9,0.1,0.2,validation,cross_fitted,16,1.0,2,0.0,14,1.0,True,True,residual_error_count_lt_10
DrugBAN,human,seed_5,drug,base,0.9,0.1,0.2,test,fitted,23,2.0,2,0.0,21,2.0,True,True,residual_error_count_lt_10
DrugBAN,human,seed_5,drug,base,0.9,0.2,0.2,validation,cross_fitted,16,1.0,3,0.0,13,1.0,True,True,residual_error_count_lt_10
DrugBAN,human,seed_5,drug,base,0.9,0.2,0.2,test,fitted,23,2.0,5,0.0,18,2.0,True,True,residual_error_count_lt_10
DrugBAN,human,seed_6,target,base,0.8,0.1,0.2,validation,cross_fitted,11,0.0,1,0.0,10,0.0,False,True,residual_error_count_lt_10
DrugBAN,human,seed_6,target,base,0.8,0.1,0.2,test,fitted,19,3.0,2,0.0,17,3.0,True,True,residual_error_count_lt_10
DrugBAN,human,seed_6,target,base,0.8,0.2,0.2,validation,cross_fitted,11,0.0,2,0.0,9,0.0,False,True,residual_error_count_lt_10
DrugBAN,human,seed_6,target,base,0.8,0.2,0.2,test,fitted,19,3.0,4,1.0,15,2.0,True,True,residual_error_count_lt_10
DrugBAN,human,seed_6,target,base,0.9,0.1,0.2,validation,cross_fitted,3,0.0,0,0.0,3,0.0,False,True,residual_error_count_lt_10
DrugBAN,human,seed_6,target,base,0.9,0.1,0.2,test,fitted,5,0.0,0,0.0,5,0.0,False,True,residual_error_count_lt_10
DrugBAN,human,seed_6,target,base,0.9,0.2,0.2,validation,cross_fitted,3,0.0,1,0.0,2,0.0,False,True,residual_error_count_lt_10
DrugBAN,human,seed_6,target,base,0.9,0.2,0.2,test,fitted,5,0.0,1,0.0,4,0.0,False,True,residual_error_count_lt_10
DrugBAN,human,seed_6,drug,base,0.8,0.1,0.2,validation,cross_fitted,11,0.0,1,0.0,10,0.0,False,True,residual_error_count_lt_10
DrugBAN,human,seed_6,drug,base,0.8,0.1,0.2,test,fitted,19,3.0,2,0.0,17,3.0,True,True,residual_error_count_lt_10
DrugBAN,human,seed_6,drug,base,0.8,0.2,0.2,validation,cross_fitted,11,0.0,2,0.0,9,0.0,False,True,residual_error_count_lt_10
DrugBAN,human,seed_6,drug,base,0.8,0.2,0.2,test,fitted,19,3.0,4,1.0,15,2.0,True,True,residual_error_count_lt_10
DrugBAN,human,seed_6,drug,base,0.9,0.1,0.2,validation,cross_fitted,3,0.0,0,0.0,3,0.0,False,True,residual_error_count_lt_10
DrugBAN,human,seed_6,drug,base,0.9,0.1,0.2,test,fitted,5,0.0,0,0.0,5,0.0,False,True,residual_error_count_lt_10
DrugBAN,human,seed_6,drug,base,0.9,0.2,0.2,validation,cross_fitted,3,0.0,1,0.0,2,0.0,False,True,residual_error_count_lt_10
DrugBAN,human,seed_6,drug,base,0.9,0.2,0.2,test,fitted,5,0.0,1,0.0,4,0.0,False,True,residual_error_count_lt_10
DrugBAN,human,seed_7,target,base,0.8,0.1,0.2,validation,cross_fitted,27,2.0,3,1.0,24,1.0,True,True,residual_error_count_lt_10
DrugBAN,human,seed_7,target,base,0.8,0.1,0.2,test,fitted,42,2.0,4,0.0,38,2.0,True,True,residual_error_count_lt_10
DrugBAN,human,seed_7,target,base,0.8,0.2,0.2,validation,cross_fitted,27,2.0,5,1.0,22,1.0,True,True,residual_error_count_lt_10
DrugBAN,human,seed_7,target,base,0.8,0.2,0.2,test,fitted,42,2.0,8,1.0,34,1.0,True,True,residual_error_count_lt_10
DrugBAN,human,seed_7,target,base,0.9,0.1,0.2,validation,cross_fitted,11,0.0,1,0.0,10,0.0,False,True,residual_error_count_lt_10
DrugBAN,human,seed_7,target,base,0.9,0.1,0.2,test,fitted,21,1.0,2,1.0,19,0.0,False,True,residual_error_count_lt_10
DrugBAN,human,seed_7,target,base,0.9,0.2,0.2,validation,cross_fitted,11,0.0,2,0.0,9,0.0,False,True,residual_error_count_lt_10
DrugBAN,human,seed_7,target,base,0.9,0.2,0.2,test,fitted,21,1.0,4,1.0,17,0.0,False,True,residual_error_count_lt_10
DrugBAN,human,seed_7,drug,base,0.8,0.1,0.2,validation,cross_fitted,27,2.0,3,0.0,24,2.0,True,True,residual_error_count_lt_10
DrugBAN,human,seed_7,drug,base,0.8,0.1,0.2,test,fitted,42,2.0,4,0.0,38,2.0,True,True,residual_error_count_lt_10
DrugBAN,human,seed_7,drug,base,0.8,0.2,0.2,validation,cross_fitted,27,2.0,5,0.0,22,2.0,True,True,residual_error_count_lt_10
DrugBAN,human,seed_7,drug,base,0.8,0.2,0.2,test,fitted,42,2.0,8,1.0,34,1.0,True,True,residual_error_count_lt_10
DrugBAN,human,seed_7,drug,base,0.9,0.1,0.2,validation,cross_fitted,11,0.0,1,0.0,10,0.0,False,True,residual_error_count_lt_10
DrugBAN,human,seed_7,drug,base,0.9,0.1,0.2,test,fitted,21,1.0,2,1.0,19,0.0,False,True,residual_error_count_lt_10
DrugBAN,human,seed_7,drug,base,0.9,0.2,0.2,validation,cross_fitted,11,0.0,2,0.0,9,0.0,False,True,residual_error_count_lt_10
DrugBAN,human,seed_7,drug,base,0.9,0.2,0.2,test,fitted,21,1.0,4,1.0,17,0.0,False,True,residual_error_count_lt_10
DrugBAN,human,seed_8,target,base,0.8,0.1,0.2,validation,cross_fitted,43,4.0,4,0.0,39,4.0,True,True,residual_error_count_lt_10
DrugBAN,human,seed_8,target,base,0.8,0.1,0.2,test,fitted,71,14.0,7,2.0,64,12.0,True,False,
DrugBAN,human,seed_8,target,base,0.8,0.2,0.2,validation,cross_fitted,43,4.0,9,0.0,34,4.0,True,True,residual_error_count_lt_10
DrugBAN,human,seed_8,target,base,0.8,0.2,0.2,test,fitted,71,14.0,14,7.0,57,7.0,True,True,residual_error_count_lt_10
DrugBAN,human,seed_8,target,base,0.9,0.1,0.2,validation,cross_fitted,41,4.0,4,0.0,37,4.0,True,True,residual_error_count_lt_10
DrugBAN,human,seed_8,target,base,0.9,0.1,0.2,test,fitted,61,10.0,6,4.0,55,6.0,True,True,residual_error_count_lt_10
DrugBAN,human,seed_8,target,base,0.9,0.2,0.2,validation,cross_fitted,41,4.0,8,0.0,33,4.0,True,True,residual_error_count_lt_10
DrugBAN,human,seed_8,target,base,0.9,0.2,0.2,test,fitted,61,10.0,12,6.0,49,4.0,True,True,residual_error_count_lt_10
DrugBAN,human,seed_8,drug,base,0.8,0.1,0.2,validation,cross_fitted,43,4.0,4,0.0,39,4.0,True,True,residual_error_count_lt_10
DrugBAN,human,seed_8,drug,base,0.8,0.1,0.2,test,fitted,71,14.0,7,2.0,64,12.0,True,False,
DrugBAN,human,seed_8,drug,base,0.8,0.2,0.2,validation,cross_fitted,43,4.0,9,1.0,34,3.0,True,True,residual_error_count_lt_10
DrugBAN,human,seed_8,drug,base,0.8,0.2,0.2,test,fitted,71,14.0,14,7.0,57,7.0,True,True,residual_error_count_lt_10
DrugBAN,human,seed_8,drug,base,0.9,0.1,0.2,validation,cross_fitted,41,4.0,4,0.0,37,4.0,True,True,residual_error_count_lt_10
DrugBAN,human,seed_8,drug,base,0.9,0.1,0.2,test,fitted,61,10.0,6,4.0,55,6.0,True,True,residual_error_count_lt_10
DrugBAN,human,seed_8,drug,base,0.9,0.2,0.2,validation,cross_fitted,41,4.0,8,1.0,33,3.0,True,True,residual_error_count_lt_10
DrugBAN,human,seed_8,drug,base,0.9,0.2,0.2,test,fitted,61,10.0,12,6.0,49,4.0,True,True,residual_error_count_lt_10
